id,report,focus_four,osha_event,event_date
N01,"Employees were unloading rebar from a forklift. One of them was guiding the rebar into position when it slipped off a fork, fell about 4 feet, and broke that employee's left ankle.",Struck-by, Struck by other falling object  n.e.c.,2/21/2024
N02,An employee was assembling parking lifts when a lock on the parking lift cut the tip of his thumb. The employee's thumb tip was surgically amputated.,Struck-by," Struck by running powered equipment  during maintenance, cleaning, testing",11/19/2025
N03,"An employee operating a scissor lift was coming down a ramp when the lift rolled over with the employee on the platform, resulting in a left hip fracture.",Other, Nonroadway noncollision  vehicle overturn,11/19/2024
N04,"An employee was moving a 5-gallon bucket of a masonry cleaning product. The bucket lid came off and the product spilled onto the employee, who sustained a chemical burn on the right leg.",Other, Exposure through intact tissue,4/9/2024
N05,An employee was using a cordless drill to drill a hole when their glove became caught and their left little finger was pulled into the bit extension. The employee sustained an amputation to their fingertip.,Caught-in/between," Caught, entangled in running powered equipment  normal operation",4/24/2024
N06,Demolition work was being done in an unoccupied building at an elementary school. An incoming electrical feed shorted out on an electric switch and caused an arc flash that injured four employees. Two employees were hospitalized for burns.,Electrocution,"Direct exposure to electricity, unspecified",1/9/2023
N07,An employee was working from a mobile scaffold when the walk board slipped out of place. The employee fell 10 feet and sustained a fractured right elbow.,Fall, Fall to lower level from collapsing structure or equipment  6 to 30 feet,6/28/2025
N08,An employee was performing electrical work when his left arm was caught by a cable/wire pulling machine and pulled in. The employee sustained two fractures to the arm and amputation of two fingers.,Caught-in/between," Caught, entangled in running powered equipment  normal operation",5/2/2025
N09,"An employee was brazing copper lines together on a new air conditioning unit close to an access point in a brick wall, The two wires ran horizontally and copper tubing ran vertically. The heat from the brazing heated up the copper tubing. A wire was touching the copper tubing, causing the wire jacket to melt. The wire infused itself to the copper tubing, which energized the copper pipe. The employee was using a wet towel to cool down the copper tubing when he was electrically shocked, resulting in hospitalization.",Electrocution, Indirect exposure to electricity  unspecified,8/19/2025
N10,"On March 17, 2025, an employee was reinstalling the top of a fire hydrant. As he was tightening/rotating it, it crushed his left little finger. The finger was amputated.",Other, Contact with non-running objects or equipment  unspecified ,3/17/2025
N11,An employee was preparing to make wire terminations in an electrical switchgear. The employee contacted exposed wires and was shocked and burned.,Electrocution,"Direct exposure to electricity, unspecified",4/22/2023
N12,An employee was installing rebar on a grandstand deck when he began experiencing lightheadedness and was hospitalized for heat-related illness and dehydration.,Other, Exposure to environmental heat  outdoor,6/23/2025
N13,An employee climbed off a ladder onto an aluminum roof when they slipped on wet leaves and fell 10 feet to a wooden deck. They sustained a fractured L1 vertebra.,Fall, Other fall to lower level  6 to 30 feet,3/26/2024
N14,"An employee was preparing to cut a beam and was removing overhead piping and conduit near a column during demolition work. While removing the overhead busbar (480-volts) with a reciprocating saw, the saw cut into the busbar and an arc flash occurred. The employee was electrocuted and sustained burns to their upper body and face.",Electrocution, Exposure to electric arc,6/6/2024
N15,"An employee was manually feeding a tagline to a crane when the tagline wrapped around his left little finger while being lifted by the crane, resulting in the amputation of the finger.",Caught-in/between," Caught, entangled in running powered equipment  normal operation",8/19/2024
N16,"An employee was near a concrete pump truck when it made contact with electrical transmission lines. The employee was shocked, suffering entry and exit wounds (with burns).",Electrocution, Indirect exposure to electricity  greater than 220 volts,5/2/2025
N17,"An employee was cutting joints out of acid bricks below the manway door inside a tower. He lost his balance and as he went to catch himself, the grinder he was holding lacerated the top of his left hand.",Struck-by,Injured by slipping or swinging object held by injured worker,3/29/2023
N18,An employee was working with lightweight insulation on a flat commercial roof. The employee became ill/dehydrated due to the temperature and humidity.,Other, Exposure to environmental heat  outdoor,7/24/2025
N19,"An employee was servicing a customer's electrical panel. When going to close the panel door, the employee went to push wires into the panel and sustained an electric shock and burns to their middle, ring and little fingers. The little fingertip was amputated and the ring finger required surgery.",Electrocution, Direct exposure to electricity  unspecified,7/1/2025
N20,"One employee was sawing a wall while the injured employee was vacuuming water behind the section that was being cut. The wall fell down when the saw was removed from the wall and struck the injured employee, resulting in a broken arm and jaw.",Caught-in/between," Collapse, engulfment  building or structure",4/22/2024
N21,An employee was performing plumbing services at a residential home when they were splashed in the eyes by an alkaline drain clog remover. The employee sustained chemical burns.,Other,"Exposure through intact skin, eyes, or other exposed tissue",8/28/2023
N22,"An employee was using the pipe-and-wrench method to loosen a seized bolt on a roof truss. A technician from another company was on the other side of the truss doing the same action with the same method. The employee's socket slipped off the bolt and his left hand was crushed against the truss, resulting in injuries to the index and little fingers, requiring hospitalization, surgery, and amputation of the index finger.",Struck-by, Injured by object held or wielded by person,10/16/2025
N23,"An employee was setting up trench boxes for a sewer construction job. While unhooking the chain from a trench box that had been lowered into the ground, his right thumb was crushed between the chain and the trench box. The employee was taken to the hospital, where he underwent surgery for a partial amputation to his right thumb.",Caught-in/between,Compressed or pinched by shifting objects or equipment,9/28/2023
N24,An employee was climbing a mounted ladder inside a store to access the roof when they slipped and fell approximately 10 feet to the floor below. The employee sustained heel fractures to both feet.,Fall, Other fall to lower level  6 to 30 feet,1/18/2024
N25,"An employee was gathering tools and materials to grind, sack, and patch a concrete pad under the magnesium chloride tank. The employee was using a hand grinder when the grinding stone shattered and debris struck the employee on the left inner thigh, resulting in a puncture and bruising.",Struck-by,"Struck by dislodged flying object, particle",8/30/2023
N26,"An employee was on the third or fourth rung of a 10-foot ladder removing a 277-volt LED lighting fixture from the ceiling. The employee was shocked, causing him to fall off the ladder onto the floor. He sustained facial fractures.",Fall,Other fall to lower level 6 to 10 feet,1/17/2023
N27,"An employee was dismounting an excavator when he missed a step, lost his balance, and fell onto a pile of concrete rubble. He struck his right hip and his right femur was fractured near the hip joint. The employee required surgery.",Fall, Other fall to lower level  unspecified,5/31/2025
N28,"The injured employee was operating a boring machine. Another employee was operating an excavator. The excavator bucket came in contact with the injured employee, resulting in a pelvic fracture when they were pinned against the boring machine. The employee was hospitalized.",Caught-in/between, Compressed between running equipment and other object(s),11/4/2025
N29,"An employee was unhooking the ramps to an equipment trailer in preparation for unloading equipment. The employee engaged the pneumatic system to lower the ramp. He walked around the back of the trailer and the ramp fell down and pinned him to the ground. The employee sustained fractures to his T5 and T7 to T11 vertebrae, three fractured ribs on the left side, a punctured lung, and severe bruising of his left side and hip. The employee was hospitalized.",Struck-by," Struck by falling part of vehicle or machine, still attached",7/16/2025
N30,"An employee was walking through a building when they tripped on a 6-inch-long wire and fell, resulting in a fractured knee.",Fall, Fall on same level due to slip or trip,4/16/2025
