cement,water,coarse_agg,fine_agg,slag,fly_ash,superplasticizer,age_days,strength_psi
910.2,273.1,1753.0,1139.4,0.0,0.0,4.2,28,11601
910.2,273.1,1778.3,1139.4,0.0,0.0,4.2,28,8976
560.4,384.3,1570.9,1001.2,240.2,0.0,0.0,270,5841
560.4,384.3,1570.9,1001.2,240.2,0.0,0.0,365,5954
334.8,323.6,1649.1,1391.4,223.2,0.0,0.0,360,6425
448.4,384.3,1570.9,1129.3,192.2,0.0,0.0,90,6821
640.5,384.3,1570.9,1001.2,160.1,0.0,0.0,365,6338
640.5,384.3,1570.9,1001.2,160.1,0.0,0.0,28,5286
448.4,384.3,1570.9,1129.3,192.2,0.0,0.0,28,6651
800.6,384.3,1570.9,1001.2,0.0,0.0,0.0,28,5699
334.8,323.6,1649.1,1391.4,223.2,0.0,0.0,90,5522
334.8,323.6,1649.1,1391.4,223.2,0.0,0.0,28,4064
720.6,384.3,1570.9,1001.2,80.1,0.0,0.0,270,6239
320.3,384.3,1570.9,1129.3,320.3,0.0,0.0,90,6139
512.4,384.3,1570.9,1129.3,128.1,0.0,0.0,28,6935
640.5,384.3,1570.9,1129.3,0.0,0.0,0.0,90,7674
235.3,323.6,1764.8,1360.1,353.0,0.0,0.0,90,5708
576.5,384.3,1570.9,1129.3,64.1,0.0,0.0,365,8143
640.5,384.3,1570.9,1001.2,160.1,0.0,0.0,90,5883
800.6,384.3,1570.9,1001.2,0.0,0.0,0.0,180,6182
720.6,384.3,1570.9,1001.2,80.1,0.0,0.0,180,6068
235.3,323.6,1764.8,1360.1,353.0,0.0,0.0,28,4096
235.3,323.6,1764.8,1360.1,353.0,0.0,0.0,3,1170
235.3,323.6,1764.8,1360.1,353.0,0.0,0.0,180,6412
640.5,384.3,1570.9,1129.3,0.0,0.0,0.0,365,7617
640.5,384.3,1570.9,1129.3,0.0,0.0,0.0,270,7731
640.5,384.3,1570.9,1001.2,160.1,0.0,0.0,270,5969
576.5,384.3,1570.9,1129.3,64.1,0.0,0.0,180,7560
720.6,384.3,1570.9,1001.2,80.1,0.0,0.0,28,5428
800.6,384.3,1570.9,1001.2,0.0,0.0,0.0,7,5599
512.4,384.3,1570.9,1129.3,128.1,0.0,0.0,365,8015
448.4,384.3,1570.9,1129.3,192.2,0.0,0.0,365,7674
334.8,323.6,1649.1,1391.4,223.2,0.0,0.0,180,6051
800.6,384.3,1570.9,1001.2,0.0,0.0,0.0,270,6111
320.3,384.3,1570.9,1129.3,320.3,0.0,0.0,365,7787
400.3,384.3,1570.9,1001.2,400.3,0.0,0.0,270,5571
400.3,384.3,1570.9,1001.2,400.3,0.0,0.0,28,4363
560.4,384.3,1570.9,1001.2,240.2,0.0,0.0,90,5471
800.6,384.3,1570.9,1001.2,0.0,0.0,0.0,90,6125
400.3,384.3,1570.9,1001.2,400.3,0.0,0.0,180,5258
576.5,384.3,1570.9,1129.3,64.1,0.0,0.0,90,7319
720.6,384.3,1570.9,1001.2,80.1,0.0,0.0,365,6338
400.3,384.3,1570.9,1001.2,400.3,0.0,0.0,365,5656
640.5,384.3,1570.9,1129.3,0.0,0.0,0.0,180,7702
720.6,384.3,1570.9,1001.2,80.1,0.0,0.0,90,6025
720.6,384.3,1570.9,1001.2,80.1,0.0,0.0,7,5087
588.3,323.6,1764.8,1360.1,0.0,0.0,0.0,3,2183
640.5,384.3,1570.9,1001.2,160.1,0.0,0.0,180,5912
400.3,384.3,1570.9,1001.2,400.3,0.0,0.0,7,3808
640.5,384.3,1570.9,1001.2,160.1,0.0,0.0,7,4761
560.4,384.3,1570.9,1001.2,240.2,0.0,0.0,180,5770
320.3,384.3,1570.9,1129.3,320.3,0.0,0.0,180,6807
400.3,384.3,1570.9,1001.2,400.3,0.0,0.0,90,4803
512.4,384.3,1570.9,1129.3,128.1,0.0,0.0,90,7134
235.3,323.6,1764.8,1360.1,353.0,0.0,0.0,7,2116
334.8,323.6,1649.1,1391.4,223.2,0.0,0.0,7,2123
800.6,384.3,1570.9,1001.2,0.0,0.0,0.0,365,6082
334.8,323.6,1649.1,1391.4,223.2,0.0,0.0,3,1324
512.4,384.3,1570.9,1129.3,128.1,0.0,0.0,180,7390
560.4,384.3,1570.9,1001.2,240.2,0.0,0.0,28,4789
512.4,384.3,1570.9,1129.3,128.1,0.0,0.0,270,7887
448.4,384.3,1570.9,1129.3,192.2,0.0,0.0,270,7503
522.5,323.6,1636.7,1433.7,0.0,0.0,0.0,3,1431
320.3,384.3,1570.9,1129.3,320.3,0.0,0.0,270,7347
448.4,384.3,1570.9,1129.3,192.2,0.0,0.0,180,7063
576.5,384.3,1570.9,1129.3,64.1,0.0,0.0,270,7986
235.3,323.6,1764.8,1360.1,353.0,0.0,0.0,360,6483
560.4,384.3,1570.9,1001.2,240.2,0.0,0.0,7,4391
320.3,384.3,1570.9,1129.3,320.3,0.0,0.0,28,5926
817.5,246.1,1887.8,1348.4,0.0,0.0,0.0,28,10441
630.4,286.7,1561.0,1275.5,318.9,0.0,17.0,3,4989
528.1,295.8,1764.6,1031.2,442.0,0.0,14.5,3,4177
716.4,258.7,1436.3,1495.3,179.2,0.0,27.8,3,4844
716.4,255.2,1577.7,1354.7,179.2,0.0,31.4,3,5265
632.1,213.4,1436.3,1673.1,158.1,0.0,39.4,3,4206
800.6,305.3,1436.3,1317.3,200.2,0.0,15.0,3,5482
790.5,232.3,1436.3,1416.7,197.5,0.0,54.3,3,5830
716.4,258.7,1436.3,1495.3,179.2,0.0,27.8,3,4844
655.0,266.1,1436.3,1560.3,163.7,0.0,20.4,3,4075
895.5,239.0,1436.3,1506.4,0.0,0.0,47.5,3,5990
716.4,258.7,1436.3,1495.3,179.2,0.0,27.8,3,4844
537.4,262.4,1436.3,1484.0,358.2,0.0,24.1,3,3655
677.3,248.5,1595.9,1436.3,159.6,0.0,19.2,3,5961
611.2,277.9,1592.3,1273.9,318.6,0.0,19.6,3,5120
545.6,309.8,1589.0,1112.3,476.7,0.0,17.4,3,4104
639.7,259.4,1911.9,1019.8,254.9,0.0,26.8,3,4148
611.2,277.9,1592.3,1273.9,318.6,0.0,19.6,3,5120
482.6,243.9,1693.3,1354.7,338.6,0.0,18.9,3,3539
611.2,277.9,1592.3,1273.9,318.6,0.0,19.6,3,5120
740.0,313.5,1491.5,1193.2,298.3,0.0,18.7,3,5700
657.2,245.9,1592.3,1273.9,318.6,0.0,37.1,3,5888
611.2,277.9,1592.3,1273.9,318.6,0.0,19.6,3,5120
569.5,294.8,1592.3,1273.9,318.6,0.0,16.0,3,3495
630.4,286.7,1561.0,1275.5,318.9,0.0,17.0,7,6701
528.1,295.8,1764.6,1031.2,442.0,0.0,14.5,7,6207
716.4,258.7,1436.3,1495.3,179.2,0.0,27.8,7,7136
716.4,255.2,1577.7,1354.7,179.2,0.0,31.4,7,6788
632.1,213.4,1436.3,1673.1,158.1,0.0,39.4,7,6628
800.6,305.3,1436.3,1317.3,200.2,0.0,15.0,7,8064
790.5,232.3,1436.3,1416.7,197.5,0.0,54.3,7,7962
716.4,258.7,1436.3,1495.3,179.2,0.0,27.8,7,7136
655.0,266.1,1436.3,1560.3,163.7,0.0,20.4,7,5062
895.5,239.0,1436.3,1506.4,0.0,0.0,47.5,7,6802
716.4,258.7,1436.3,1495.3,179.2,0.0,27.8,7,7136
537.4,262.4,1436.3,1484.0,358.2,0.0,24.1,7,4844
677.3,248.5,1595.9,1436.3,159.6,0.0,19.2,7,7846
611.2,277.9,1592.3,1273.9,318.6,0.0,19.6,7,8107
545.6,309.8,1589.0,1112.3,476.7,0.0,17.4,7,7223
639.7,259.4,1911.9,1019.8,254.9,0.0,26.8,7,6831
611.2,277.9,1592.3,1273.9,318.6,0.0,19.6,7,8107
482.6,243.9,1693.3,1354.7,338.6,0.0,18.9,7,5511
611.2,277.9,1592.3,1273.9,318.6,0.0,19.6,7,8107
740.0,313.5,1491.5,1193.2,298.3,0.0,18.7,7,8136
657.2,245.9,1592.3,1273.9,318.6,0.0,37.1,7,8571
611.2,277.9,1592.3,1273.9,318.6,0.0,19.6,7,3321
569.5,294.8,1592.3,1273.9,318.6,0.0,16.0,7,5091
630.4,286.7,1561.0,1275.5,318.9,0.0,17.0,28,8861
528.1,295.8,1764.6,1031.2,442.0,0.0,14.5,28,8673
716.4,258.7,1436.3,1495.3,179.2,0.0,27.8,28,8745
716.4,255.2,1577.7,1354.7,179.2,0.0,31.4,28,8963
632.1,213.4,1436.3,1673.1,158.1,0.0,39.4,28,8223
800.6,305.3,1436.3,1317.3,200.2,0.0,15.0,28,9906
790.5,232.3,1436.3,1416.7,197.5,0.0,54.3,28,9703
716.4,258.7,1436.3,1495.3,179.2,0.0,27.8,28,8745
655.0,266.1,1436.3,1560.3,163.7,0.0,20.4,28,7353
895.5,239.0,1436.3,1506.4,0.0,0.0,47.5,28,8180
716.4,258.7,1436.3,1495.3,179.2,0.0,27.8,28,8745
537.4,262.4,1436.3,1484.0,358.2,0.0,24.1,28,8049
677.3,248.5,1595.9,1436.3,159.6,0.0,19.2,28,9935
611.2,277.9,1592.3,1273.9,318.6,0.0,19.6,28,10341
545.6,309.8,1589.0,1112.3,476.7,0.0,17.4,28,10834
639.7,259.4,1911.9,1019.8,254.9,0.0,26.8,28,7571
611.2,277.9,1592.3,1273.9,318.6,0.0,19.6,28,10341
482.6,243.9,1693.3,1354.7,338.6,0.0,18.9,28,9819
611.2,277.9,1592.3,1273.9,318.6,0.0,19.6,28,10341
740.0,313.5,1491.5,1193.2,298.3,0.0,18.7,28,9572
657.2,245.9,1592.3,1273.9,318.6,0.0,37.1,28,10805
611.2,277.9,1592.3,1273.9,318.6,0.0,19.6,28,10341
569.5,294.8,1592.3,1273.9,318.6,0.0,16.0,28,7237
630.4,286.7,1561.0,1275.5,318.9,0.0,17.0,56,9195
528.1,295.8,1764.6,1031.2,442.0,0.0,14.5,56,9413
716.4,258.7,1436.3,1495.3,179.2,0.0,27.8,56,9326
716.4,255.2,1577.7,1354.7,179.2,0.0,31.4,56,9413
632.1,213.4,1436.3,1673.1,158.1,0.0,39.4,56,8731
800.6,305.3,1436.3,1317.3,200.2,0.0,15.0,56,10486
790.5,232.3,1436.3,1416.7,197.5,0.0,54.3,56,10051
716.4,258.7,1436.3,1495.3,179.2,0.0,27.8,56,9326
655.0,266.1,1436.3,1560.3,163.7,0.0,20.4,56,8006
895.5,239.0,1436.3,1506.4,0.0,0.0,47.5,56,8528
716.4,258.7,1436.3,1495.3,179.2,0.0,27.8,56,9326
537.4,262.4,1436.3,1484.0,358.2,0.0,24.1,56,9587
677.3,248.5,1595.9,1436.3,159.6,0.0,19.2,56,10689
611.2,277.9,1592.3,1273.9,318.6,0.0,19.6,56,11211
545.6,309.8,1589.0,1112.3,476.7,0.0,17.4,56,11632
639.7,259.4,1911.9,1019.8,254.9,0.0,26.8,56,7962
611.2,277.9,1592.3,1273.9,318.6,0.0,19.6,56,11211
482.6,243.9,1693.3,1354.7,338.6,0.0,18.9,56,10587
611.2,277.9,1592.3,1273.9,318.6,0.0,19.6,56,11211
740.0,313.5,1491.5,1193.2,298.3,0.0,18.7,56,10399
657.2,245.9,1592.3,1273.9,318.6,0.0,37.1,56,11516
611.2,277.9,1592.3,1273.9,318.6,0.0,19.6,56,11211
569.5,294.8,1592.3,1273.9,318.6,0.0,16.0,56,8687
630.4,286.7,1561.0,1275.5,318.9,0.0,17.0,91,9413
528.1,295.8,1764.6,1031.2,442.0,0.0,14.5,91,9659
716.4,258.7,1436.3,1495.3,179.2,0.0,27.8,91,9456
716.4,255.2,1577.7,1354.7,179.2,0.0,31.4,91,9674
632.1,213.4,1436.3,1673.1,158.1,0.0,39.4,91,9065
800.6,305.3,1436.3,1317.3,200.2,0.0,15.0,91,10761
790.5,232.3,1436.3,1416.7,197.5,0.0,54.3,91,10254
716.4,258.7,1436.3,1495.3,179.2,0.0,27.8,91,9456
655.0,266.1,1436.3,1560.3,163.7,0.0,20.4,91,8354
895.5,239.0,1436.3,1506.4,0.0,0.0,47.5,91,8586
716.4,258.7,1436.3,1495.3,179.2,0.0,27.8,91,9456
537.4,262.4,1436.3,1484.0,358.2,0.0,24.1,91,9877
677.3,248.5,1595.9,1436.3,159.6,0.0,19.2,91,10950
611.2,277.9,1592.3,1273.9,318.6,0.0,19.6,91,11501
639.7,259.4,1911.9,1019.8,254.9,0.0,26.8,91,8194
611.2,277.9,1592.3,1273.9,318.6,0.0,19.6,91,11501
482.6,243.9,1693.3,1354.7,338.6,0.0,18.9,91,11139
611.2,277.9,1592.3,1273.9,318.6,0.0,19.6,91,11501
740.0,313.5,1491.5,1193.2,298.3,0.0,18.7,91,10631
657.2,245.9,1592.3,1273.9,318.6,0.0,37.1,91,11980
611.2,277.9,1592.3,1273.9,318.6,0.0,19.6,91,11501
569.5,294.8,1592.3,1273.9,318.6,0.0,16.0,91,9833
374.8,319.1,1630.1,1467.0,0.0,162.9,7.5,3,1679
374.8,319.1,1630.1,1467.0,0.0,162.9,7.5,14,3546
374.8,319.1,1630.1,1467.0,0.0,162.9,7.5,28,3610
374.8,319.1,1630.1,1467.0,0.0,162.9,7.5,56,4271
374.8,319.1,1630.1,1467.0,0.0,162.9,7.5,100,5905
394.1,333.6,1596.3,1436.4,0.0,159.4,7.7,3,1506
394.1,333.6,1596.3,1436.4,0.0,159.4,7.7,14,3211
394.1,333.6,1596.3,1436.4,0.0,159.4,7.7,28,3312
394.1,333.6,1596.3,1436.4,0.0,159.4,7.7,56,4012
394.1,333.6,1596.3,1436.4,0.0,159.4,7.7,100,5012
328.1,279.2,1696.3,1526.9,0.0,169.4,12.6,3,1806
328.1,279.2,1696.3,1526.9,0.0,169.4,12.6,14,3624
328.1,279.2,1696.3,1526.9,0.0,169.4,12.6,28,3731
328.1,279.2,1696.3,1526.9,0.0,169.4,12.6,56,4926
328.1,279.2,1696.3,1526.9,0.0,169.4,12.6,100,5416
321.4,273.3,1837.3,1355.2,0.0,211.4,13.1,3,2182
321.4,273.3,1837.3,1355.2,0.0,211.4,13.1,14,3055
321.4,273.3,1837.3,1355.2,0.0,211.4,13.1,28,3829
321.4,273.3,1837.3,1355.2,0.0,211.4,13.1,56,5126
321.4,273.3,1837.3,1355.2,0.0,211.4,13.1,100,5884
357.5,303.9,1782.6,1313.6,0.0,205.0,9.6,3,1809
357.5,303.9,1782.6,1313.6,0.0,205.0,9.6,14,3034
357.5,303.9,1782.6,1313.6,0.0,205.0,9.6,28,3612
357.5,303.9,1782.6,1313.6,0.0,205.0,9.6,56,4961
357.5,303.9,1782.6,1313.6,0.0,205.0,9.6,100,5745
387.6,329.5,1735.1,1278.6,0.0,199.4,7.8,3,1455
387.6,329.5,1735.1,1278.6,0.0,199.4,7.8,14,2913
387.6,329.5,1735.1,1278.6,0.0,199.4,7.8,28,3551
387.6,329.5,1735.1,1278.6,0.0,199.4,7.8,56,4574
387.6,329.5,1735.1,1278.6,0.0,199.4,7.8,100,5126
320.8,272.8,1834.1,1352.8,0.0,211.0,16.7,3,1370
320.8,272.8,1834.1,1352.8,0.0,211.0,16.7,14,3295
320.8,272.8,1834.1,1352.8,0.0,211.0,16.7,28,4129
320.8,272.8,1834.1,1352.8,0.0,211.0,16.7,56,5593
320.8,272.8,1834.1,1352.8,0.0,211.0,16.7,100,5858
280.0,297.4,1784.3,1314.9,0.0,275.2,7.6,3,1561
280.0,297.4,1784.3,1314.9,0.0,275.2,7.6,14,3696
280.0,297.4,1784.3,1314.9,0.0,275.2,7.6,28,3124
280.0,297.4,1784.3,1314.9,0.0,275.2,7.6,56,4152
280.0,297.4,1784.3,1314.9,0.0,275.2,7.6,100,4865
283.1,205.2,1784.5,1314.9,70.9,276.1,9.6,3,1124
283.1,205.2,1784.5,1314.9,70.9,276.1,9.6,14,2585
283.1,205.2,1784.5,1314.9,70.9,276.1,9.6,28,3516
283.1,205.2,1784.5,1314.9,70.9,276.1,9.6,56,4765
283.1,205.2,1784.5,1314.9,70.9,276.1,9.6,100,5690
360.2,306.3,1796.5,1323.8,165.3,41.3,11.6,3,2610
360.2,306.3,1796.5,1323.8,165.3,41.3,11.6,14,4407
360.2,306.3,1796.5,1323.8,165.3,41.3,11.6,28,6629
360.2,306.3,1796.5,1323.8,165.3,41.3,11.6,56,7364
360.2,306.3,1796.5,1323.8,165.3,41.3,11.6,100,7818
360.3,306.3,1796.8,1324.0,165.3,41.3,11.2,3,1912
360.3,306.3,1796.8,1324.0,165.3,41.3,11.2,14,2587
360.3,306.3,1796.8,1324.0,165.3,41.3,11.2,28,5835
360.3,306.3,1796.8,1324.0,165.3,41.3,11.2,56,6836
360.3,306.3,1796.8,1324.0,165.3,41.3,11.2,100,7248
387.1,329.1,1732.9,1277.0,0.0,199.2,10.3,3,1937
387.1,329.1,1732.9,1277.0,0.0,199.2,10.3,14,3237
387.1,329.1,1732.9,1277.0,0.0,199.2,10.3,28,3559
387.1,329.1,1732.9,1277.0,0.0,199.2,10.3,56,4547
387.1,329.1,1732.9,1277.0,0.0,199.2,10.3,100,5926
401.2,314.6,1601.1,1427.7,0.0,158.6,11.8,3,2891
401.2,314.6,1601.1,1427.7,0.0,158.6,11.8,14,3726
401.2,314.6,1601.1,1427.7,0.0,158.6,11.8,28,4385
401.2,314.6,1601.1,1427.7,0.0,158.6,11.8,56,5742
401.2,314.6,1601.1,1427.7,0.0,158.6,11.8,100,6425
421.4,315.9,1612.8,1451.5,0.0,161.3,9.3,3,2004
421.4,315.9,1612.8,1451.5,0.0,161.3,9.3,14,3614
421.4,315.9,1612.8,1451.5,0.0,161.3,9.3,28,4238
421.4,315.9,1612.8,1451.5,0.0,161.3,9.3,56,5559
421.4,315.9,1612.8,1451.5,0.0,161.3,9.3,100,6142
358.2,268.5,1698.7,1523.1,0.0,169.2,14.7,3,1964
358.2,268.5,1698.7,1523.1,0.0,169.2,14.7,14,3816
358.2,268.5,1698.7,1523.1,0.0,169.2,14.7,28,4589
358.2,268.5,1698.7,1523.1,0.0,169.2,14.7,56,6171
358.2,268.5,1698.7,1523.1,0.0,169.2,14.7,100,6225
358.3,268.6,1692.0,1523.4,0.0,169.2,17.5,3,1934
358.3,268.6,1692.0,1523.4,0.0,169.2,17.5,14,3680
358.3,268.6,1692.0,1523.4,0.0,169.2,17.5,28,5425
358.3,268.6,1692.0,1523.4,0.0,169.2,17.5,56,6439
358.3,268.6,1692.0,1523.4,0.0,169.2,17.5,100,6924
357.3,268.0,1829.5,1347.7,0.0,210.3,13.2,3,2831
357.3,268.0,1829.5,1347.7,0.0,210.3,13.2,14,4547
357.3,268.0,1829.5,1347.7,0.0,210.3,13.2,28,5584
357.3,268.0,1829.5,1347.7,0.0,210.3,13.2,56,6539
357.3,268.0,1829.5,1347.7,0.0,210.3,13.2,100,6935
390.6,293.2,1780.6,1312.1,0.0,205.0,11.3,3,2239
390.6,293.2,1780.6,1312.1,0.0,205.0,11.3,14,3883
390.6,293.2,1780.6,1312.1,0.0,205.0,11.3,28,4892
390.6,293.2,1780.6,1312.1,0.0,205.0,11.3,56,6193
390.6,293.2,1780.6,1312.1,0.0,205.0,11.3,100,6648
423.7,317.6,1733.4,1277.2,0.0,199.4,9.7,3,2498
423.7,317.6,1733.4,1277.2,0.0,199.4,9.7,14,4341
423.7,317.6,1733.4,1277.2,0.0,199.4,9.7,28,4301
423.7,317.6,1733.4,1277.2,0.0,199.4,9.7,56,5362
423.7,317.6,1733.4,1277.2,0.0,199.4,9.7,100,6321
423.7,317.6,1733.4,1277.2,0.0,199.4,10.7,3,1903
423.7,317.6,1733.4,1277.2,0.0,199.4,10.7,14,3543
423.7,317.6,1733.4,1277.2,0.0,199.4,10.7,28,4737
423.7,317.6,1733.4,1277.2,0.0,199.4,10.7,56,5314
423.7,317.6,1733.4,1277.2,0.0,199.4,10.7,100,6412
305.7,285.9,1779.3,1311.0,0.0,281.5,12.7,3,1976
305.7,285.9,1779.3,1311.0,0.0,281.5,12.7,14,3133
305.7,285.9,1779.3,1311.0,0.0,281.5,12.7,28,4028
305.7,285.9,1779.3,1311.0,0.0,281.5,12.7,56,5159
305.7,285.9,1779.3,1311.0,0.0,281.5,12.7,100,6580
306.8,286.9,1785.7,1315.8,76.2,205.6,13.8,3,1061
306.8,286.9,1785.7,1315.8,76.2,205.6,13.8,14,3119
306.8,286.9,1785.7,1315.8,76.2,205.6,13.8,28,4535
306.8,286.9,1785.7,1315.8,76.2,205.6,13.8,56,6309
306.8,286.9,1785.7,1315.8,76.2,205.6,13.8,100,7059
284.7,266.9,1821.7,1342.0,71.2,209.4,18.3,3,1073
284.7,266.9,1821.7,1342.0,71.2,209.4,18.3,14,3410
284.7,266.9,1821.7,1342.0,71.2,209.4,18.3,28,4513
284.7,266.9,1821.7,1342.0,71.2,209.4,18.3,56,5678
284.7,266.9,1821.7,1342.0,71.2,209.4,18.3,100,6984
489.4,283.3,1620.1,1458.0,0.0,162.1,15.9,3,3264
489.4,283.3,1620.1,1458.0,0.0,162.1,15.9,14,5029
489.4,283.3,1620.1,1458.0,0.0,162.1,15.9,28,5038
489.4,283.3,1620.1,1458.0,0.0,162.1,15.9,56,6539
489.4,283.3,1620.1,1458.0,0.0,162.1,15.9,100,7103
467.0,270.7,1641.6,1475.9,0.0,164.2,19.9,3,3356
467.0,270.7,1641.6,1475.9,0.0,164.2,19.9,14,6075
467.0,270.7,1641.6,1475.9,0.0,164.2,19.9,28,7003
467.0,270.7,1641.6,1475.9,0.0,164.2,19.9,56,7402
467.0,270.7,1641.6,1475.9,0.0,164.2,19.9,100,8070
498.4,289.1,1609.9,1448.2,0.0,161.2,15.0,3,3328
498.4,289.1,1609.9,1448.2,0.0,161.2,15.0,14,5110
498.4,289.1,1609.9,1448.2,0.0,161.2,15.0,28,5793
498.4,289.1,1609.9,1448.2,0.0,161.2,15.0,56,7066
498.4,289.1,1609.9,1448.2,0.0,161.2,15.0,100,7548
424.4,246.3,1695.7,1516.6,0.0,168.5,20.8,3,3049
424.4,246.3,1695.7,1516.6,0.0,168.5,20.8,14,4838
424.4,246.3,1695.7,1516.6,0.0,168.5,20.8,28,4923
424.4,246.3,1695.7,1516.6,0.0,168.5,20.8,56,6402
424.4,246.3,1695.7,1516.6,0.0,168.5,20.8,100,6580
419.9,266.5,1664.9,1498.5,0.0,166.4,21.6,3,2228
419.9,266.5,1664.9,1498.5,0.0,166.4,21.6,14,4160
419.9,266.5,1664.9,1498.5,0.0,166.4,21.6,28,4474
419.9,266.5,1664.9,1498.5,0.0,166.4,21.6,56,6096
419.9,266.5,1664.9,1498.5,0.0,166.4,21.6,100,7405
425.3,246.5,1664.9,1498.5,0.0,166.4,23.9,3,3159
425.3,246.5,1664.9,1498.5,0.0,166.4,23.9,14,6134
425.3,246.5,1664.9,1498.5,0.0,166.4,23.9,28,7339
425.3,246.5,1664.9,1498.5,0.0,166.4,23.9,56,8097
425.3,246.5,1664.9,1498.5,0.0,166.4,23.9,100,8840
416.0,241.5,1831.9,1349.9,0.0,210.8,20.2,3,3412
416.0,241.5,1831.9,1349.9,0.0,210.8,20.2,14,6123
416.0,241.5,1831.9,1349.9,0.0,210.8,20.2,28,7615
416.0,241.5,1831.9,1349.9,0.0,210.8,20.2,56,8749
416.0,241.5,1831.9,1349.9,0.0,210.8,20.2,100,9634
463.6,268.8,1775.9,1310.5,0.0,204.5,16.7,3,3452
463.6,268.8,1775.9,1310.5,0.0,204.5,16.7,14,5623
463.6,268.8,1775.9,1310.5,0.0,204.5,16.7,28,7445
463.6,268.8,1775.9,1310.5,0.0,204.5,16.7,56,8245
463.6,268.8,1775.9,1310.5,0.0,204.5,16.7,100,8500
500.9,294.6,1724.0,1270.0,0.0,198.1,16.0,3,3178
500.9,294.6,1724.0,1270.0,0.0,198.1,16.0,14,5365
500.9,294.6,1724.0,1270.0,0.0,198.1,16.0,28,6875
500.9,294.6,1724.0,1270.0,0.0,198.1,16.0,56,7536
500.9,294.6,1724.0,1270.0,0.0,198.1,16.0,100,8230
360.3,260.9,1775.7,1308.6,0.0,294.5,17.1,3,2549
360.3,260.9,1775.7,1308.6,0.0,294.5,17.1,14,4892
360.3,260.9,1775.7,1308.6,0.0,294.5,17.1,28,5823
360.3,260.9,1775.7,1308.6,0.0,294.5,17.1,56,6765
360.3,260.9,1775.7,1308.6,0.0,294.5,17.1,100,7263
359.9,260.6,1773.7,1307.1,0.0,293.7,19.7,3,2519
359.9,260.6,1773.7,1307.1,0.0,293.7,19.7,14,4888
359.9,260.6,1773.7,1307.1,0.0,293.7,19.7,28,6663
359.9,260.6,1773.7,1307.1,0.0,293.7,19.7,56,7460
359.9,260.6,1773.7,1307.1,0.0,293.7,19.7,100,8601
467.2,270.9,1789.6,1318.9,164.9,41.2,18.9,3,4416
467.2,270.9,1789.6,1318.9,164.9,41.2,18.9,14,6920
467.2,270.9,1789.6,1318.9,164.9,41.2,18.9,28,9158
467.2,270.9,1789.6,1318.9,164.9,41.2,18.9,56,9692
467.2,270.9,1789.6,1318.9,164.9,41.2,18.9,100,9710
367.8,237.2,1813.2,1336.1,92.1,208.6,20.1,3,3977
367.8,237.2,1813.2,1336.1,92.1,208.6,20.1,14,5215
367.8,237.2,1813.2,1336.1,92.1,208.6,20.1,28,8051
367.8,237.2,1813.2,1336.1,92.1,208.6,20.1,56,8991
367.8,237.2,1813.2,1336.1,92.1,208.6,20.1,100,9214
362.2,262.3,1709.7,1315.7,90.7,205.5,16.2,3,2613
362.2,262.3,1709.7,1315.7,90.7,205.5,16.2,14,5599
362.2,262.3,1709.7,1315.7,90.7,205.5,16.2,28,7571
362.2,262.3,1709.7,1315.7,90.7,205.5,16.2,56,7826
362.2,262.3,1709.7,1315.7,90.7,205.5,16.2,100,8214
368.9,267.1,1818.2,1339.9,0.0,209.2,19.1,3,2225
368.9,267.1,1818.2,1339.9,0.0,209.2,19.1,14,3778
368.9,267.1,1818.2,1339.9,0.0,209.2,19.1,28,4383
368.9,267.1,1818.2,1339.9,0.0,209.2,19.1,56,5405
368.9,267.1,1818.2,1339.9,0.0,209.2,19.1,100,6705
633.8,361.7,1691.5,1285.0,0.0,0.0,0.0,3,2361
633.8,361.7,1691.5,1285.0,0.0,0.0,0.0,14,3716
633.8,361.7,1691.5,1285.0,0.0,0.0,0.0,28,4637
633.8,361.7,1691.5,1285.0,0.0,0.0,0.0,56,5265
633.8,361.7,1691.5,1285.0,0.0,0.0,0.0,100,6245
842.8,236.0,1628.2,1437.8,0.0,0.0,6.7,28,9800
800.6,239.3,1850.7,1080.4,0.0,99.4,3.2,28,8300
530.9,244.4,1904.7,1255.7,230.9,0.0,9.9,28,11857
851.2,328.7,1736.1,1061.9,0.0,101.1,0.0,28,9285
760.2,278.1,1736.1,1255.7,0.0,0.0,19.0,28,11429
869.7,273.1,1350.1,1351.8,0.0,0.0,13.8,28,6000
876.5,286.5,1441.1,1441.1,0.0,0.0,8.8,28,8743
890.0,311.8,1550.7,1213.6,0.0,0.0,11.6,28,8243
876.5,295.0,1466.4,1356.9,0.0,0.0,8.8,28,7400
648.9,266.3,1522.1,1294.5,0.0,229.2,33.7,28,8057
842.9,337.1,1895.2,1033.6,0.0,0.0,5.1,28,6401
758.7,337.1,1895.2,1033.6,84.3,0.0,5.1,28,5711
669.2,281.5,1629.9,1067.0,29.0,266.3,35.1,28,8071
561.3,281.5,1678.8,1099.0,29.5,274.7,30.2,28,6857
563.0,318.6,1629.9,1067.0,29.7,266.3,25.8,28,6429
682.6,295.0,1887.8,1171.5,0.0,0.0,0.0,28,7586
337.1,320.3,1930.0,1112.5,337.1,0.0,0.0,28,7143
869.7,273.1,1350.1,1351.8,0.0,0.0,13.9,28,6000
244.4,310.1,1404.1,1483.3,195.5,200.6,9.6,28,4229
269.7,306.8,1388.9,1481.6,215.8,205.6,10.8,28,5714
394.4,318.6,1653.5,1281.0,262.9,0.0,9.9,28,5700
421.4,268.0,1449.6,1348.4,303.4,160.1,15.9,28,9843
800.6,273.1,1759.7,1115.8,0.0,0.0,16.0,28,8488
480.4,274.7,1737.8,1154.6,320.3,0.0,12.8,28,7771
600.1,269.7,1788.4,1107.4,200.6,0.0,15.2,28,8557
463.5,273.1,1399.0,1289.4,303.4,202.3,17.4,28,11057
842.8,254.5,1741.2,1104.0,0.0,0.0,15.2,28,10129
278.1,276.1,1695.0,1518.5,0.0,242.0,0.0,3,2088
278.1,295.1,1695.3,1258.4,216.6,222.7,13.6,3,2816
300.1,303.3,1697.9,1258.8,218.8,199.9,6.0,3,3006
282.1,295.7,1696.2,1258.4,219.0,216.8,13.1,3,2167
290.6,264.2,1696.2,1443.5,22.9,290.5,7.0,3,3088
292.5,277.7,1696.0,1337.5,84.4,292.5,10.9,3,3347
281.5,276.5,1697.9,1298.0,127.1,281.5,13.3,3,2251
293.0,290.5,1697.7,1258.4,157.4,269.5,16.4,3,2294
320.8,280.8,1818.7,1346.6,0.0,211.0,16.7,3,1820
421.4,323.4,1599.4,1444.9,0.0,161.3,9.0,3,1231
359.9,268.4,1759.0,1301.1,0.0,293.7,19.7,3,2264
328.1,286.8,1682.2,1520.0,0.0,169.4,12.6,3,1766
423.7,325.2,1759.0,1271.4,0.0,199.4,9.7,3,1738
278.1,276.1,1695.0,1518.5,0.0,242.0,0.0,14,2448
278.1,295.1,1695.3,1258.4,216.6,222.7,13.6,14,4799
300.1,303.3,1697.9,1258.8,218.8,199.9,6.0,14,4966
282.1,295.7,1696.2,1258.4,219.0,216.8,13.1,14,4614
290.6,264.2,1696.2,1443.5,22.9,290.5,7.0,14,4315
292.5,277.7,1696.0,1337.5,84.4,292.5,10.9,14,4787
281.5,276.5,1697.9,1298.0,127.1,281.5,13.3,14,4772
293.0,290.5,1697.7,1258.4,157.4,269.5,16.4,14,4286
320.8,280.8,1818.7,1346.6,0.0,211.0,16.7,14,2816
421.4,323.4,1599.4,1444.9,0.0,161.3,9.0,14,3576
359.9,268.4,1759.0,1301.1,0.0,293.7,19.7,14,4292
328.1,286.8,1682.2,1520.0,0.0,169.4,12.6,14,3522
423.7,325.2,1759.0,1271.4,0.0,199.4,9.7,14,3006
278.1,276.1,1695.0,1518.5,0.0,242.0,0.0,28,3800
278.1,295.1,1695.3,1258.4,216.6,222.7,13.6,28,6728
300.1,303.3,1697.9,1258.8,218.8,199.9,6.0,28,5680
282.1,295.7,1696.2,1258.4,219.0,216.8,13.1,28,5976
290.6,264.2,1696.2,1443.5,22.9,290.5,7.0,28,4886
292.5,277.7,1696.0,1337.5,84.4,292.5,10.9,28,5541
281.5,276.5,1697.9,1298.0,127.1,281.5,13.3,28,6006
293.0,290.5,1697.7,1258.4,157.4,269.5,16.4,28,5484
320.8,280.8,1818.7,1346.6,0.0,211.0,16.7,28,3604
421.4,323.4,1599.4,1444.9,0.0,161.3,9.0,28,3948
359.9,268.4,1759.0,1301.1,0.0,293.7,19.7,28,6474
328.1,286.8,1682.2,1520.0,0.0,169.4,12.6,28,5405
423.7,325.2,1759.0,1271.4,0.0,199.4,9.7,28,4826
278.1,276.1,1695.0,1518.5,0.0,242.0,0.0,56,5303
278.1,295.1,1695.3,1258.4,216.6,222.7,13.6,56,7792
300.1,303.3,1697.9,1258.8,218.8,199.9,6.0,56,7047
282.1,295.7,1696.2,1258.4,219.0,216.8,13.1,56,7502
290.6,264.2,1696.2,1443.5,22.9,290.5,7.0,56,5200
292.5,277.7,1696.0,1337.5,84.4,292.5,10.9,56,7799
281.5,276.5,1697.9,1298.0,127.1,281.5,13.3,56,7754
293.0,290.5,1697.7,1258.4,157.4,269.5,16.4,56,7105
320.8,280.8,1818.7,1346.6,0.0,211.0,16.7,56,4600
421.4,323.4,1599.4,1444.9,0.0,161.3,9.0,56,5750
359.9,268.4,1759.0,1301.1,0.0,293.7,19.7,56,7434
328.1,286.8,1682.2,1520.0,0.0,169.4,12.6,56,6293
423.7,325.2,1759.0,1271.4,0.0,199.4,9.7,56,5695
278.1,276.1,1695.0,1518.5,0.0,242.0,0.0,100,5505
278.1,295.1,1695.3,1258.4,216.6,222.7,13.6,100,7980
300.1,303.3,1697.9,1258.8,218.8,199.9,6.0,100,7251
282.1,295.7,1696.2,1258.4,219.0,216.8,13.1,100,7782
290.6,264.2,1696.2,1443.5,22.9,290.5,7.0,100,5465
292.5,277.7,1696.0,1337.5,84.4,292.5,10.9,100,8131
281.5,276.5,1697.9,1298.0,127.1,281.5,13.3,100,8240
293.0,290.5,1697.7,1258.4,157.4,269.5,16.4,100,7388
320.8,280.8,1818.7,1346.6,0.0,211.0,16.7,100,4868
421.4,323.4,1599.4,1444.9,0.0,161.3,9.0,100,5970
359.9,268.4,1759.0,1301.1,0.0,293.7,19.7,100,7681
328.1,286.8,1682.2,1520.0,0.0,169.4,12.6,100,6422
423.7,325.2,1759.0,1271.4,0.0,199.4,9.7,100,5823
751.8,273.1,1629.9,1200.1,40.5,133.2,19.6,28,8271
751.8,273.1,1629.9,1200.1,40.5,133.2,19.6,28,6443
751.8,273.1,1629.9,1200.1,40.5,133.2,19.6,28,7400
751.8,273.1,1629.9,1200.1,40.5,133.2,17.4,28,7743
751.8,273.1,1629.9,1200.1,40.5,133.2,19.6,3,5129
751.8,273.1,1629.9,1200.1,40.5,133.2,19.6,3,3629
751.8,273.1,1629.9,1200.1,40.5,133.2,19.6,3,3386
751.8,273.1,1629.9,1200.1,40.5,133.2,19.6,7,7543
751.8,273.1,1629.9,1200.1,40.5,133.2,19.6,7,5514
751.8,273.1,1629.9,1200.1,40.5,133.2,19.6,7,5700
751.8,273.1,1629.9,1200.1,40.5,133.2,19.6,56,8857
751.8,273.1,1629.9,1200.1,40.5,133.2,19.6,56,8143
751.8,273.1,1629.9,1200.1,40.5,133.2,19.6,56,8014
751.8,273.1,1629.9,1200.1,40.5,133.2,17.4,56,7943
652.3,264.6,1581.1,1424.3,33.7,158.4,24.1,28,7286
652.3,264.6,1581.1,1424.3,33.7,158.4,23.5,28,6771
652.3,264.6,1581.1,1424.3,33.7,158.4,19.6,28,6771
652.3,264.6,1581.1,1424.3,33.7,158.4,24.1,3,3300
652.3,264.6,1581.1,1424.3,33.7,158.4,23.5,3,3700
652.3,264.6,1581.1,1424.3,33.7,158.4,19.6,3,5043
652.3,264.6,1581.1,1424.3,33.7,158.4,24.1,7,5343
652.3,264.6,1581.1,1424.3,33.7,158.4,23.5,7,6657
652.3,264.6,1581.1,1424.3,33.7,158.4,19.6,7,6043
652.3,264.6,1581.1,1424.3,33.7,158.4,24.1,56,8171
652.3,264.6,1581.1,1424.3,33.7,158.4,23.5,56,6957
652.3,264.6,1581.1,1424.3,33.7,158.4,19.6,56,8914
598.4,244.4,1629.9,1468.1,32.0,163.5,22.1,28,6386
598.4,244.4,1629.9,1468.1,32.0,163.5,20.6,28,8043
827.6,354.0,1486.7,1178.2,43.8,207.3,6.6,28,8057
827.6,338.8,1385.5,1178.2,43.8,207.3,6.6,28,8400
827.6,354.0,1486.7,1178.2,43.8,207.3,6.6,3,3714
827.6,354.0,1486.7,1178.2,43.8,207.3,6.6,7,4857
827.6,354.0,1486.7,1178.2,43.8,207.3,6.6,56,8643
827.6,338.8,1385.5,1178.2,43.8,207.3,6.6,3,4286
827.6,338.8,1385.5,1178.2,43.8,207.3,6.6,7,5500
827.6,338.8,1385.5,1178.2,43.8,207.3,6.6,56,8971
714.7,300.0,1385.5,1264.2,37.1,222.5,14.3,28,9000
714.7,300.0,1486.7,1264.2,37.1,222.5,14.3,3,4643
714.7,283.2,1385.5,1264.2,37.1,222.5,15.0,28,10457
714.7,300.0,1385.5,1264.2,37.1,222.5,14.3,7,5657
714.7,300.0,1385.5,1264.2,37.1,222.5,14.3,56,9529
714.7,283.2,1385.5,1264.2,37.1,222.5,15.0,3,4657
714.7,283.2,1385.5,1264.2,37.1,222.5,15.0,7,5843
714.7,283.2,1385.5,1264.2,37.1,222.5,15.0,56,10786
340.5,347.2,1587.8,1350.1,18.5,237.7,2.9,28,3186
340.5,347.2,1587.8,1350.1,18.5,237.7,2.9,3,1429
340.5,347.2,1587.8,1350.1,18.5,237.7,2.9,7,2186
340.5,347.2,1587.8,1350.1,18.5,237.7,2.9,56,3371
478.7,301.7,1419.2,1350.1,25.3,237.7,9.2,28,6343
478.7,301.7,1419.2,1350.1,25.3,237.7,9.2,3,1943
478.7,301.7,1419.2,1350.1,25.3,237.7,9.2,7,3500
478.7,301.7,1419.2,1350.1,25.3,237.7,9.2,56,6457
605.1,259.6,1587.8,1350.1,32.0,237.7,18.4,28,9128
605.1,259.6,1587.8,1350.1,32.0,237.7,18.4,28,8629
605.1,259.6,1587.8,1350.1,32.0,237.7,18.4,3,3643
605.1,259.6,1587.8,1350.1,32.0,237.7,18.4,3,3429
605.1,259.6,1587.8,1350.1,32.0,237.7,18.4,7,5186
605.1,259.6,1587.8,1350.1,32.0,237.7,18.4,7,5600
605.1,259.6,1587.8,1350.1,32.0,237.7,18.4,56,9971
605.1,259.6,1587.8,1350.1,32.0,237.7,18.4,56,9686
734.9,367.5,1413.2,1213.1,0.0,0.0,0.0,28,3459
487.1,323.6,1539.2,1509.1,0.0,0.0,0.0,90,4651
487.1,323.6,1539.2,1509.1,0.0,0.0,0.0,3,1690
662.4,323.6,1585.4,1324.2,0.0,0.0,0.0,3,2785
662.4,323.6,1585.4,1324.2,0.0,0.0,0.0,90,7085
662.4,323.6,1585.4,1324.2,0.0,0.0,0.0,28,5744
809.1,323.6,1578.0,1200.5,0.0,0.0,0.0,28,6373
809.1,323.6,1578.0,1200.5,0.0,0.0,0.0,7,5014
809.1,323.6,1578.0,1200.5,0.0,0.0,0.0,90,7878
809.1,323.6,1578.0,1200.5,0.0,0.0,0.0,3,3540
561.3,323.6,1569.6,1420.2,0.0,0.0,0.0,3,2265
429.8,323.6,1499.8,1592.8,0.0,0.0,0.0,90,3170
429.8,323.6,1499.8,1592.8,0.0,0.0,0.0,7,1483
487.1,323.6,1539.2,1509.1,0.0,0.0,0.0,7,2117
429.8,323.6,1499.8,1592.8,0.0,0.0,0.0,28,2719
561.3,323.6,1569.6,1420.2,0.0,0.0,0.0,28,4636
561.3,323.6,1569.6,1420.2,0.0,0.0,0.0,7,3395
487.1,323.6,1539.2,1509.1,0.0,0.0,0.0,28,3709
561.3,323.6,1569.6,1420.2,0.0,0.0,0.0,90,6045
662.4,323.6,1585.4,1324.2,0.0,0.0,0.0,7,4024
429.8,323.6,1499.8,1592.8,0.0,0.0,0.0,3,1190
267.7,313.0,1754.0,1237.7,401.5,0.0,0.0,7,1395
403.9,313.0,1587.1,1119.7,605.8,0.0,0.0,7,3687
401.5,313.0,1754.0,1237.7,267.7,0.0,0.0,7,2276
306.6,313.0,1706.5,1204.0,459.8,0.0,0.0,28,4052
326.2,313.0,1682.5,1187.1,489.1,0.0,0.0,28,4732
430.7,313.0,1730.4,1220.8,287.1,0.0,0.0,7,2500
459.8,313.0,1706.5,1204.0,306.6,0.0,0.0,7,2867
403.9,313.0,1587.1,1119.7,605.8,0.0,0.0,28,5720
372.2,313.0,1778.3,1254.6,248.1,0.0,0.0,28,3734
669.2,313.0,1754.0,1237.7,0.0,0.0,0.0,28,4798
644.7,313.0,1766.1,1246.1,0.0,0.0,0.0,7,3490
355.1,313.0,1646.8,1161.9,532.8,0.0,0.0,7,3165
267.7,313.0,1754.0,1237.7,401.5,0.0,0.0,28,3055
498.6,313.0,1839.6,1296.7,0.0,0.0,0.0,7,2153
430.7,313.0,1730.4,1220.8,287.1,0.0,0.0,28,4649
343.0,313.0,1814.0,1279.8,228.7,0.0,0.0,7,1734
669.2,313.0,1754.0,1237.7,0.0,0.0,0.0,7,3691
642.9,313.0,1861.9,1322.0,0.0,0.0,0.0,28,3262
498.6,313.0,1839.6,1296.7,0.0,0.0,0.0,28,3657
384.3,313.0,1611.1,1136.6,576.6,0.0,0.0,28,5758
372.2,313.0,1778.3,1254.6,248.1,0.0,0.0,7,1898
532.8,313.0,1646.8,1161.9,355.1,0.0,0.0,28,5613
228.7,313.0,1814.0,1279.8,343.0,0.0,0.0,7,1089
401.3,313.0,1885.8,1330.4,0.0,0.0,0.0,28,2549
571.7,313.0,1802.2,1271.4,0.0,0.0,0.0,7,3072
228.7,313.0,1814.0,1279.8,343.0,0.0,0.0,28,2640
326.2,313.0,1682.5,1187.1,489.1,0.0,0.0,7,2495
343.0,313.0,1814.0,1279.8,228.7,0.0,0.0,28,3282
489.1,313.0,1682.5,1187.1,326.2,0.0,0.0,7,3170
306.6,313.0,1706.5,1204.0,459.8,0.0,0.0,7,1795
287.1,313.0,1730.4,1220.8,262.1,0.0,0.0,28,3731
355.1,313.0,1646.8,1161.9,532.8,0.0,0.0,28,5484
384.3,313.0,1611.1,1136.6,576.6,0.0,0.0,7,3179
489.1,313.0,1682.5,1187.1,326.2,0.0,0.0,28,4793
642.9,313.0,1861.9,1322.0,0.0,0.0,0.0,7,2109
401.5,313.0,1754.0,1237.7,267.7,0.0,0.0,28,3904
313.9,313.0,1826.1,1288.3,209.2,0.0,0.0,7,1160
571.7,313.0,1802.2,1271.4,0.0,0.0,0.0,28,4627
401.3,313.0,1885.8,1330.4,0.0,0.0,0.0,7,1499
425.6,313.0,1873.7,1322.0,0.0,0.0,0.0,28,2867
644.7,313.0,1766.1,1246.1,0.0,0.0,0.0,28,5430
425.6,313.0,1873.7,1322.0,0.0,0.0,0.0,7,1666
532.8,313.0,1646.8,1161.9,355.1,0.0,0.0,7,3544
313.9,313.0,1826.1,1288.3,209.2,0.0,0.0,28,2552
287.1,313.0,1730.4,1220.8,262.1,0.0,0.0,7,1556
459.8,313.0,1706.5,1204.0,306.6,0.0,0.0,28,4552
571.4,332.1,1631.6,1316.4,0.0,0.0,0.0,3,1918
571.4,332.1,1631.6,1316.4,0.0,0.0,0.0,7,3041
571.4,332.1,1631.6,1316.4,0.0,0.0,0.0,14,3922
571.4,332.1,1631.6,1316.4,0.0,0.0,0.0,28,4647
571.4,332.1,1631.6,1316.4,0.0,0.0,0.0,90,5101
571.4,332.1,1631.6,1316.4,0.0,0.0,0.0,180,5286
571.4,332.1,1631.6,1316.4,0.0,0.0,0.0,365,5641
397.8,327.0,1631.6,1491.7,0.0,0.0,0.0,3,938
397.8,327.0,1631.6,1491.7,0.0,0.0,0.0,14,1862
397.8,327.0,1631.6,1491.7,0.0,0.0,0.0,28,2671
397.8,327.0,1631.6,1491.7,0.0,0.0,0.0,90,3183
397.8,325.3,1631.6,1491.7,0.0,0.0,0.0,180,3496
397.8,325.3,1631.6,1491.7,0.0,0.0,0.0,365,3638
466.9,321.9,1631.6,1442.8,0.0,0.0,0.0,14,3084
466.9,321.9,1631.6,1442.8,0.0,0.0,0.0,28,3766
466.9,321.9,1631.6,1442.8,0.0,0.0,0.0,3,1648
466.9,321.9,1631.6,1442.8,0.0,0.0,0.0,90,4533
466.9,321.9,1631.6,1442.8,0.0,0.0,0.0,180,4689
466.9,321.9,1631.6,1442.8,0.0,0.0,0.0,360,4888
428.1,333.7,1631.6,1454.6,0.0,0.0,0.0,3,1350
428.1,333.7,1631.6,1454.6,0.0,0.0,0.0,90,3908
428.1,333.7,1631.6,1454.6,0.0,0.0,0.0,180,4007
428.1,333.7,1631.6,1454.6,0.0,0.0,0.0,365,4320
517.5,325.3,1631.6,1368.7,0.0,0.0,0.0,180,5002
517.5,325.3,1631.6,1368.7,0.0,0.0,0.0,365,5243
517.5,325.3,1631.6,1368.7,0.0,0.0,0.0,3,1819
517.5,325.3,1631.6,1368.7,0.0,0.0,0.0,28,3993
517.5,325.3,1631.6,1368.7,0.0,0.0,0.0,90,4775
397.8,325.3,1631.6,1491.7,0.0,0.0,0.0,7,1449
337.1,303.4,1896.2,1424.3,0.0,0.0,0.0,7,1137
337.1,303.4,1896.2,1424.3,0.0,0.0,0.0,28,1776
379.2,305.1,1876.0,1404.1,0.0,0.0,0.0,7,1620
379.2,305.1,1876.0,1404.1,0.0,0.0,0.0,28,2515
547.8,310.1,1791.7,1319.8,0.0,0.0,0.0,7,2544
547.8,310.1,1791.7,1319.8,0.0,0.0,0.0,28,4434
463.5,308.5,1833.9,1361.9,0.0,0.0,0.0,7,2060
463.5,308.5,1833.9,1361.9,0.0,0.0,0.0,28,3553
505.7,310.1,1812.0,1340.0,0.0,0.0,0.0,7,2259
505.7,310.1,1812.0,1340.0,0.0,0.0,0.0,28,3894
632.1,313.5,1749.6,1277.7,0.0,0.0,0.0,7,3780
632.1,313.5,1749.6,1277.7,0.0,0.0,0.0,28,5542
674.2,315.2,1727.7,1255.7,0.0,0.0,0.0,28,6338
674.2,315.2,1727.7,1255.7,0.0,0.0,0.0,7,4372
421.4,306.8,1854.1,1382.2,0.0,0.0,0.0,7,1847
421.4,306.8,1854.1,1382.2,0.0,0.0,0.0,28,3027
589.9,313.5,1769.8,1297.9,0.0,0.0,0.0,7,2941
589.9,313.5,1769.8,1297.9,0.0,0.0,0.0,28,4974
343.0,343.0,1623.9,1061.9,514.6,0.0,0.0,7,2834
421.7,343.0,1647.8,1169.9,281.2,0.0,0.0,90,6920
264.6,323.6,1576.7,1316.8,397.8,0.0,0.0,90,6291
238.2,343.0,1638.0,1261.6,357.3,0.0,0.0,28,4336
281.2,343.0,1644.4,1167.4,421.7,0.0,0.0,3,1001
206.6,343.0,1615.1,1348.6,310.0,0.0,0.0,90,4814
310.0,343.0,1616.8,1348.4,206.6,0.0,0.0,3,711
171.9,323.6,1495.1,1587.8,257.9,0.0,0.0,3,662
171.9,323.6,1495.1,1587.8,257.9,0.0,0.0,90,3693
206.6,343.0,1615.1,1348.6,310.0,0.0,0.0,28,3523
281.2,343.0,1644.4,1167.4,421.7,0.0,0.0,28,4924
337.1,323.6,1627.2,1358.9,224.2,0.0,0.0,3,1656
182.5,343.0,1581.4,1431.0,273.7,0.0,0.0,28,2987
514.6,343.0,1627.2,1063.6,343.0,0.0,0.0,7,3756
182.5,343.0,1581.4,1431.0,273.7,0.0,0.0,90,4240
195.5,323.6,1533.5,1503.3,291.6,0.0,0.0,90,4500
238.2,343.0,1638.0,1261.6,357.3,0.0,0.0,7,1508
264.6,323.6,1576.7,1316.8,397.8,0.0,0.0,28,4883
224.2,323.6,1563.2,1414.5,337.1,0.0,0.0,28,4043
421.7,343.0,1647.8,1169.9,281.2,0.0,0.0,7,2807
291.6,323.6,1595.9,1444.2,195.5,0.0,0.0,7,1652
323.6,323.6,1567.2,1207.0,485.4,0.0,0.0,3,1855
323.6,323.6,1567.2,1207.0,485.4,0.0,0.0,28,5703
257.9,323.6,1496.8,1589.6,171.9,0.0,0.0,3,694
485.4,323.6,1570.9,1209.9,323.6,0.0,0.0,3,2337
514.6,343.0,1627.2,1063.6,343.0,0.0,0.0,28,6291
397.8,323.6,1639.4,1262.6,264.6,0.0,0.0,7,2961
291.6,323.6,1595.9,1444.2,195.5,0.0,0.0,3,1007
357.3,343.0,1640.7,1264.2,238.2,0.0,0.0,7,2180
397.8,323.6,1639.4,1262.6,264.6,0.0,0.0,3,1968
310.0,343.0,1616.8,1348.4,206.6,0.0,0.0,90,4719
281.2,343.0,1644.4,1167.4,421.7,0.0,0.0,7,2284
171.9,323.6,1495.1,1587.8,257.9,0.0,0.0,7,1113
485.4,323.6,1570.9,1209.9,323.6,0.0,0.0,28,5628
357.3,343.0,1640.7,1264.2,238.2,0.0,0.0,28,4787
171.9,323.6,1495.1,1587.8,257.9,0.0,0.0,28,2506
291.6,323.6,1595.9,1444.2,195.5,0.0,0.0,28,3522
310.0,343.0,1616.8,1348.4,206.6,0.0,0.0,28,3488
224.2,323.6,1563.2,1414.5,337.1,0.0,0.0,90,5307
323.6,323.6,1567.2,1207.0,485.4,0.0,0.0,90,7358
224.2,323.6,1563.2,1414.5,337.1,0.0,0.0,7,1982
514.6,343.0,1627.2,1063.6,343.0,0.0,0.0,3,2051
397.8,323.6,1639.4,1262.6,264.6,0.0,0.0,90,6930
182.5,343.0,1581.4,1431.0,273.7,0.0,0.0,3,338
264.6,323.6,1576.7,1316.8,397.8,0.0,0.0,7,2450
485.4,323.6,1570.9,1209.9,323.6,0.0,0.0,7,3412
357.3,343.0,1640.7,1264.2,238.2,0.0,0.0,3,988
357.3,343.0,1640.7,1264.2,238.2,0.0,0.0,90,5758
257.9,323.6,1496.8,1589.6,171.9,0.0,0.0,28,2606
397.8,323.6,1639.4,1262.6,264.6,0.0,0.0,28,4770
195.5,323.6,1533.5,1503.3,291.6,0.0,0.0,28,3241
310.0,343.0,1616.8,1348.4,206.6,0.0,0.0,7,1565
182.5,343.0,1581.4,1431.0,273.7,0.0,0.0,7,1120
343.0,343.0,1623.9,1061.9,514.6,0.0,0.0,28,6046
343.0,343.0,1623.9,1061.9,514.6,0.0,0.0,3,1387
224.2,323.6,1563.2,1414.5,337.1,0.0,0.0,3,998
485.4,323.6,1570.9,1209.9,323.6,0.0,0.0,90,7328
337.1,323.6,1627.2,1358.9,224.2,0.0,0.0,7,2490
337.1,323.6,1627.2,1358.9,224.2,0.0,0.0,28,4415
421.7,343.0,1647.8,1169.9,281.2,0.0,0.0,3,1411
206.6,343.0,1615.1,1348.6,310.0,0.0,0.0,3,482
257.9,323.6,1496.8,1589.6,171.9,0.0,0.0,90,3818
337.1,323.6,1627.2,1358.9,224.2,0.0,0.0,90,6273
195.5,323.6,1533.5,1503.3,291.6,0.0,0.0,3,911
291.6,323.6,1595.9,1444.2,195.5,0.0,0.0,90,4656
421.7,343.0,1647.8,1169.9,281.2,0.0,0.0,28,5361
514.6,343.0,1627.2,1063.6,343.0,0.0,0.0,90,7919
323.6,323.6,1567.2,1207.0,485.4,0.0,0.0,7,3116
264.6,323.6,1576.7,1316.8,397.8,0.0,0.0,3,1406
257.9,323.6,1496.8,1589.6,171.9,0.0,0.0,7,1215
238.2,343.0,1638.0,1261.6,357.3,0.0,0.0,90,5753
195.5,323.6,1533.5,1503.3,291.6,0.0,0.0,7,1463
238.2,343.0,1638.0,1261.6,357.3,0.0,0.0,3,700
206.6,343.0,1615.1,1348.6,310.0,0.0,0.0,7,1502
281.2,343.0,1644.4,1167.4,421.7,0.0,0.0,90,6319
343.0,343.0,1623.9,1061.9,514.6,0.0,0.0,90,7522
522.5,323.6,1705.8,1399.0,0.0,0.0,0.0,3,1719
522.5,323.6,1705.8,1399.0,0.0,0.0,0.0,7,2501
522.5,323.6,1705.8,1399.0,0.0,0.0,0.0,28,4036
522.5,323.6,1705.8,1399.0,0.0,0.0,0.0,90,5187
522.5,323.6,1705.8,1399.0,0.0,0.0,0.0,120,5613
557.9,323.6,1727.7,1383.8,0.0,0.0,0.0,3,2075
557.9,323.6,1727.7,1383.8,0.0,0.0,0.0,7,2529
557.9,323.6,1727.7,1383.8,0.0,0.0,0.0,28,4604
557.9,323.6,1727.7,1383.8,0.0,0.0,0.0,90,5499
557.9,323.6,1727.7,1383.8,0.0,0.0,0.0,120,5712
588.3,323.6,1779.9,1363.6,0.0,0.0,0.0,3,2302
588.3,323.6,1779.9,1363.6,0.0,0.0,0.0,7,1307
588.3,323.6,1779.9,1363.6,0.0,0.0,0.0,28,4874
588.3,323.6,1779.9,1363.6,0.0,0.0,0.0,90,5897
588.3,323.6,1779.9,1363.6,0.0,0.0,0.0,120,5926
401.2,313.5,1886.1,1329.9,0.0,0.0,0.0,7,1748
401.2,313.5,1886.1,1329.9,0.0,0.0,0.0,28,2544
498.9,313.5,1837.3,1296.2,0.0,0.0,0.0,7,2743
498.9,313.5,1837.3,1296.2,0.0,0.0,0.0,28,3652
500.6,313.5,1753.0,1237.2,0.0,0.0,0.0,7,4490
809.1,323.6,1577.7,1215.3,0.0,0.0,0.0,28,6366
809.1,323.6,1577.7,1215.3,0.0,0.0,0.0,90,7872
669.2,313.5,1753.0,1237.2,0.0,0.0,0.0,28,5357
473.6,313.5,1860.9,1304.6,0.0,0.0,0.0,7,2103
473.6,311.8,1860.9,1304.6,0.0,0.0,0.0,28,3254
842.8,337.1,1896.2,1033.2,0.0,0.0,0.0,1,1833
842.8,337.1,1896.2,1033.2,0.0,0.0,0.0,3,3780
842.8,337.1,1896.2,1033.2,0.0,0.0,0.0,7,4817
842.8,337.1,1896.2,1033.2,0.0,0.0,0.0,14,5357
842.8,337.1,1896.2,1033.2,0.0,0.0,0.0,28,6395
910.2,291.6,1896.2,1033.2,0.0,0.0,0.0,7,7631
910.2,291.6,1896.2,1033.2,0.0,0.0,0.0,14,8668
910.2,291.6,1896.2,1033.2,0.0,0.0,0.0,28,9762
910.2,291.6,1896.2,1033.2,0.0,0.0,0.0,90,10103
910.2,291.6,1896.2,1033.2,0.0,0.0,0.0,180,10388
910.2,291.6,1896.2,1033.2,0.0,0.0,0.0,270,10757
589.9,342.2,1641.7,1306.3,0.0,0.0,0.0,7,2629
589.9,342.2,1641.7,1306.3,0.0,0.0,0.0,14,3268
589.9,342.2,1641.7,1306.3,0.0,0.0,0.0,28,3965
589.9,342.2,1641.7,1306.3,0.0,0.0,0.0,56,4348
589.9,342.2,1641.7,1306.3,0.0,0.0,0.0,90,4547
589.9,342.2,1641.7,1306.3,0.0,0.0,0.0,180,4746
648.9,313.5,1628.2,1286.1,0.0,0.0,0.0,1,909
648.9,313.5,1628.2,1286.1,0.0,0.0,0.0,3,2132
648.9,313.5,1628.2,1286.1,0.0,0.0,0.0,7,3368
648.9,313.5,1628.2,1286.1,0.0,0.0,0.0,14,4050
648.9,313.5,1628.2,1286.1,0.0,0.0,0.0,28,4547
557.9,323.6,1648.5,1390.6,0.0,0.0,0.0,180,5656
557.9,323.6,1648.5,1390.6,0.0,0.0,0.0,360,5982
588.3,323.6,1764.8,1358.6,0.0,0.0,0.0,3,2174
557.9,323.6,1648.5,1390.6,0.0,0.0,0.0,3,1961
643.9,313.5,1764.8,1245.6,0.0,0.0,0.0,7,3481
643.9,313.5,1764.8,1245.6,0.0,0.0,0.0,28,5428
643.9,313.5,1872.7,1321.5,0.0,0.0,0.0,7,1663
473.6,313.5,1860.9,1304.6,0.0,0.0,0.0,28,3254
571.4,311.8,1801.9,1270.9,0.0,0.0,0.0,7,3069
571.4,311.8,1801.9,1270.9,0.0,0.0,0.0,28,4618
497.2,311.8,1801.9,1296.2,0.0,0.0,0.0,7,2146
497.2,311.8,1801.9,1296.2,0.0,0.0,0.0,28,3652
401.2,311.8,1884.5,1329.9,0.0,0.0,0.0,28,2544
498.9,323.6,1828.8,1289.4,0.0,0.0,0.0,7,2060
498.9,323.6,1828.8,1289.4,0.0,0.0,0.0,28,3140
498.9,323.6,1828.8,1289.4,0.0,0.0,0.0,90,4263
557.9,323.6,1481.6,1390.6,0.0,0.0,0.0,3,1961
557.9,323.6,1648.5,1390.6,0.0,0.0,0.0,7,2359
557.9,323.6,1648.5,1390.6,0.0,0.0,0.0,28,4561
557.9,323.6,1648.5,1390.6,0.0,0.0,0.0,90,5400
588.3,323.6,1764.8,1358.6,0.0,0.0,0.0,7,2629
588.3,323.6,1764.8,1358.6,0.0,0.0,0.0,28,4746
588.3,323.6,1764.8,1358.6,0.0,0.0,0.0,90,5727
588.3,323.6,1764.8,1358.6,0.0,0.0,0.0,180,5954
588.3,323.6,1764.8,1358.6,0.0,0.0,0.0,360,6110
509.0,342.2,1641.7,1377.1,0.0,0.0,0.0,14,2629
509.0,342.2,1641.7,1377.1,0.0,0.0,0.0,180,3879
884.9,318.6,1896.2,1033.2,0.0,0.0,0.0,180,8981
842.8,337.1,1896.2,1033.2,0.0,0.0,0.0,90,6849
842.8,337.1,1896.2,1033.2,0.0,0.0,0.0,180,7403
842.8,337.1,1896.2,1033.2,0.0,0.0,0.0,270,8000
910.2,291.6,1896.2,1033.2,0.0,0.0,0.0,3,6039
424.8,311.8,1872.7,1321.5,0.0,0.0,0.0,7,1989
424.8,311.8,1872.7,1321.5,0.0,0.0,0.0,28,2856
571.4,311.8,1786.7,1270.9,0.0,0.0,0.0,28,4590
662.4,323.6,1584.4,1277.7,0.0,0.0,0.0,3,2771
662.4,323.6,1584.4,1277.7,0.0,0.0,0.0,28,5741
662.4,323.6,1584.4,1277.7,0.0,0.0,0.0,90,7077
643.9,311.8,1764.8,1245.6,0.0,0.0,0.0,7,3481
643.9,311.8,1764.8,1245.6,0.0,0.0,0.0,28,5428
424.8,313.5,1872.7,1321.5,0.0,0.0,0.0,7,1663
424.8,311.8,1872.7,1321.5,0.0,0.0,0.0,28,2856
522.5,323.6,1635.0,1432.7,0.0,0.0,0.0,7,2174
522.5,323.6,1635.0,1432.7,0.0,0.0,0.0,28,4050
522.5,323.6,1635.0,1432.7,0.0,0.0,0.0,90,5030
522.5,323.6,1635.0,1432.7,0.0,0.0,0.0,180,5414
522.5,323.6,1635.0,1432.7,0.0,0.0,0.0,360,5528
884.9,318.6,1896.2,1033.2,0.0,0.0,0.0,3,4902
884.9,318.6,1896.2,1033.2,0.0,0.0,0.0,7,6153
884.9,318.6,1896.2,1033.2,0.0,0.0,0.0,14,7020
884.9,318.6,1896.2,1033.2,0.0,0.0,0.0,28,8114
884.9,318.6,1896.2,1033.2,0.0,0.0,0.0,90,8526
884.9,318.6,1896.2,1033.2,0.0,0.0,0.0,270,9734
542.7,342.2,1641.7,1348.4,0.0,0.0,0.0,14,3013
542.7,342.2,1641.7,1348.4,0.0,0.0,0.0,28,3652
542.7,342.2,1641.7,1348.4,0.0,0.0,0.0,180,4291
509.0,342.2,1641.7,1377.1,0.0,0.0,0.0,28,3155
669.2,311.8,1753.0,1237.2,0.0,0.0,0.0,28,5670
809.1,323.6,1577.7,1215.3,0.0,0.0,0.0,3,3538
879.9,246.1,1510.3,1510.3,0.0,0.0,0.0,7,7326
879.9,246.1,1510.3,1510.3,0.0,0.0,0.0,28,10876
460.2,354.0,1523.7,1146.2,177.0,138.2,15.2,28,5391
273.1,301.7,1412.5,1249.0,320.3,249.5,32.0,28,4896
259.6,370.8,1555.8,1109.1,242.7,188.8,16.9,28,2393
247.8,340.5,1449.6,1397.3,193.8,150.0,15.2,28,2899
256.2,283.2,1591.2,1171.5,300.0,234.3,30.3,28,5272
522.5,283.2,1540.6,1097.3,241.0,187.1,37.1,28,4886
242.7,266.3,1589.5,1422.6,0.0,295.0,30.3,28,2236
512.4,360.7,1508.6,1217.0,236.0,0.0,10.1,28,4847
630.4,320.3,1707.5,1230.5,0.0,0.0,11.8,28,5664
268.0,295.0,1606.3,1213.6,251.1,195.5,25.3,28,4014
257.9,337.1,1688.9,1152.9,402.8,0.0,10.1,28,3895
522.5,283.2,1540.6,1355.2,241.0,0.0,16.9,28,6570
514.1,330.4,1616.4,1188.3,0.0,168.6,16.9,28,4369
254.5,281.5,1670.4,1301.2,0.0,310.1,20.2,28,2258
239.3,293.3,1488.3,1323.2,281.5,219.1,18.5,28,6470
502.3,338.8,1479.9,1104.0,230.9,180.4,10.1,28,7763
541.1,320.3,1466.4,1304.6,276.4,0.0,8.4,28,8298
616.9,321.9,1388.9,1276.0,315.2,0.0,11.8,28,9559
472.0,289.9,1390.6,1356.9,217.4,168.6,15.2,28,7661
424.8,327.0,1407.4,1383.8,163.5,128.1,13.5,28,4844
278.1,306.8,1724.3,1228.8,0.0,252.8,20.2,28,2615
262.9,303.4,1722.6,1176.5,409.6,0.0,18.5,28,5419
269.7,342.2,1397.3,1196.7,316.9,246.1,18.5,28,4763
502.3,313.5,1481.6,1373.7,0.0,180.4,10.1,28,6184
536.0,354.0,1451.3,1242.3,0.0,212.4,10.1,28,5810
483.8,316.9,1523.7,1173.1,204.0,158.4,15.2,28,6083
549.5,293.3,1486.7,1331.6,279.8,0.0,15.2,28,8881
600.1,325.3,1350.1,1311.4,0.0,239.3,18.5,28,5927
222.5,301.7,1461.4,1240.6,348.9,271.4,8.4,28,4830
542.7,313.5,1603.0,1195.1,251.1,0.0,13.5,28,7603
276.4,305.1,1431.0,1426.0,0.0,337.1,21.9,28,2188
529.3,286.5,1559.1,1319.8,0.0,190.5,16.9,28,5578
541.1,306.8,1466.4,1314.7,0.0,215.8,18.5,28,5404
236.0,399.5,1464.7,1105.7,276.4,215.8,10.1,28,5109
485.4,298.3,1530.5,1397.3,204.0,0.0,11.8,28,6111
502.3,354.0,1483.3,1254.1,0.0,180.4,18.5,28,4623
446.7,328.7,1404.1,1331.6,187.1,145.0,10.1,28,6025
269.7,283.2,1768.1,1159.7,421.4,0.0,20.2,28,5722
279.8,308.5,1447.9,1394.0,438.2,0.0,21.9,28,5499
465.2,303.4,1466.4,1294.5,195.5,151.7,15.2,28,6422
542.7,330.4,1378.8,1370.4,0.0,195.5,16.9,28,4522
251.1,325.3,1503.5,1314.7,234.3,183.7,10.1,28,3436
268.0,296.7,1668.7,1329.9,315.2,0.0,18.5,28,4752
439.9,338.8,1456.3,1282.7,168.6,131.5,15.2,28,4699
399.5,416.3,1437.8,1171.5,155.1,119.7,10.1,28,4152
527.6,300.0,1688.9,1161.3,0.0,190.5,13.5,28,5338
261.3,325.3,1764.8,1174.8,308.5,0.0,15.2,28,2652
246.1,340.5,1394.0,1469.8,387.7,0.0,5.1,28,4795
498.9,372.5,1380.5,1311.4,0.0,180.4,18.5,28,4557
224.2,330.4,1599.6,1340.0,354.0,0.0,5.1,28,4500
527.6,300.0,1461.4,1388.9,244.4,0.0,13.5,28,6438
256.2,310.1,1672.1,1375.4,0.0,188.8,13.5,28,1766
257.9,300.0,1688.9,1161.3,244.4,190.5,13.5,28,3707
236.0,337.1,1544.0,1269.2,224.2,173.6,11.8,28,5285
251.1,296.7,1427.7,1505.2,397.8,0.0,21.9,28,4780
505.7,357.3,1479.9,1227.1,0.0,202.3,16.9,28,3457
257.9,300.0,1461.4,1388.9,244.4,190.5,13.5,28,3804
249.5,266.3,1688.9,1399.0,0.0,230.9,27.0,28,2604
549.5,335.4,1350.1,1335.0,0.0,232.6,18.5,28,5900
257.9,300.0,1685.6,1385.5,244.4,0.0,13.5,28,2757
441.6,328.7,1508.6,1235.5,187.1,145.0,8.4,28,4890
266.3,370.8,1513.6,1201.8,0.0,328.7,18.5,28,1238
254.5,281.5,1810.3,1142.8,0.0,311.8,27.0,28,1952
460.2,335.4,1569.3,1284.4,0.0,151.7,18.5,28,4676
251.1,308.5,1606.3,1314.7,198.9,155.1,11.8,28,3411
241.0,321.9,1629.9,1083.8,284.9,241.0,13.5,28,4311
438.2,288.2,1577.7,1286.1,170.2,131.5,16.9,28,7219
527.6,300.0,1545.7,1279.3,271.4,0.0,16.9,28,7606
478.7,283.2,1635.0,1338.3,202.3,0.0,11.8,28,5937
566.3,306.8,1662.0,1377.1,0.0,0.0,5.1,28,6507
244.4,305.1,1650.2,1368.7,0.0,225.9,18.5,28,1914
252.8,293.3,1801.9,1137.7,399.5,0.0,20.2,28,5429
242.7,323.6,1372.0,1356.9,286.5,224.2,13.5,28,4332
557.9,328.7,1367.0,1351.8,286.5,0.0,13.5,28,8211
261.3,325.3,1764.8,1174.8,0.0,241.0,15.2,28,1807
261.3,325.3,1478.2,1463.1,308.5,0.0,15.2,28,3450
227.5,303.4,1619.8,1356.9,0.0,279.8,16.9,28,1928
448.4,300.0,1533.9,1255.7,188.8,146.6,16.9,28,5717
529.3,301.7,1464.7,1163.0,244.4,190.5,13.5,28,6705
527.6,214.1,1685.6,1385.5,244.4,0.0,13.5,28,6457
246.1,306.8,1662.0,1377.1,291.6,0.0,5.1,28,3443
242.7,300.0,1586.1,1304.6,229.2,178.7,11.8,28,3792
249.5,305.1,1414.2,1490.0,0.0,306.8,25.3,28,2251
466.9,321.9,1594.5,1122.6,197.2,153.4,11.8,28,6320
502.3,276.4,1606.3,1321.5,0.0,180.4,21.9,28,5201
527.6,300.0,1688.9,1161.3,244.4,0.0,13.5,28,5954
261.3,327.0,1483.3,1178.2,310.1,241.0,15.2,28,4204
487.1,328.7,1557.5,1281.0,225.9,0.0,10.1,28,6707
249.5,288.2,1685.6,1395.6,295.0,0.0,3.4,28,3904
244.4,340.5,1388.9,1464.7,0.0,301.7,13.5,28,1528
527.6,300.0,1685.6,1385.5,0.0,0.0,13.5,28,3640
229.2,289.9,1555.8,1287.8,273.1,212.4,16.9,28,4216
261.3,325.3,1478.2,1463.1,0.0,241.0,15.2,28,1412
429.8,318.6,1549.0,1262.5,166.9,129.8,10.1,28,4902
273.1,364.1,1385.5,1075.4,348.9,289.9,16.9,28,5779
229.2,335.4,1427.7,1319.8,330.4,165.2,10.1,28,3911
276.4,332.1,1619.8,1080.4,274.7,215.8,13.5,28,3950
273.1,340.5,1382.2,1146.2,360.7,276.4,16.9,28,4445
264.6,337.1,1380.5,1186.6,360.7,256.2,15.2,28,4794
251.1,323.6,1576.0,1050.1,257.9,327.0,13.5,28,3565
227.5,330.4,1626.6,1083.8,177.0,325.3,10.1,28,3178
268.0,338.8,1429.4,1127.6,352.3,271.4,11.8,28,4479
242.7,296.7,1721.0,1195.1,25.3,328.7,10.1,28,2225
259.6,384.3,1424.3,1031.6,293.3,311.8,11.8,28,3530
281.5,311.8,1513.6,1072.0,315.2,328.7,11.8,28,3465
310.1,359.0,1555.8,1050.1,145.0,320.3,10.1,28,3326
262.9,372.5,1439.5,1034.9,300.0,315.2,11.8,28,4266
399.3,416.2,1437.6,1172.1,154.6,120.5,10.1,28,4152
528.1,300.9,1688.8,1160.8,0.0,190.5,13.5,28,5338
260.9,325.8,1765.5,1174.3,309.1,0.0,15.3,28,2652
245.9,341.3,1394.0,1469.5,388.5,0.0,5.7,28,4746
498.9,373.2,1380.8,1312.0,0.0,179.8,17.7,28,4557
224.3,329.9,1600.3,1340.5,354.3,0.0,5.2,28,4197
528.1,300.9,1461.7,1388.9,244.4,0.0,13.5,28,5936
255.5,310.8,1672.1,1375.2,0.0,188.6,13.3,28,1767
258.1,300.9,1688.8,1160.8,244.4,190.5,13.5,28,3707
235.8,337.6,1544.0,1269.9,223.5,174.1,12.5,28,5286
252.0,296.3,1427.3,1504.7,397.8,0.0,21.2,28,4781
505.3,356.5,1480.3,1226.4,0.0,201.9,16.7,28,3457
258.1,300.9,1461.7,1388.9,244.4,190.5,13.5,28,3805
249.6,266.5,1688.6,1399.2,0.0,230.2,27.1,28,2605
550.3,335.4,1350.3,1335.8,0.0,232.4,18.2,28,5603
257.4,300.2,1685.0,1385.9,243.9,0.0,13.5,28,2757
441.4,329.4,1508.9,1234.8,186.3,145.1,8.4,28,4891
267.0,370.3,1513.1,1201.6,0.0,328.5,18.5,28,1238
254.0,281.0,1811.1,1142.8,0.0,312.3,26.3,28,1952
459.5,334.9,1569.8,1284.7,0.0,151.0,17.9,28,4677
251.1,308.3,1607.0,1315.2,198.2,154.6,12.0,28,3412
241.0,321.4,1630.6,1084.7,285.5,240.5,14.2,28,4311
438.1,287.6,1577.2,1285.9,169.6,132.1,17.5,28,7219
527.4,299.4,1545.0,1280.2,270.5,0.0,16.2,28,7607
478.7,283.7,1635.7,1338.7,201.8,0.0,12.1,28,5937
567.2,306.6,1661.6,1376.8,0.0,0.0,5.7,28,6508
244.1,304.7,1651.0,1367.8,0.0,225.2,18.7,28,1915
252.8,292.9,1802.4,1137.4,399.1,0.0,20.1,28,5429
242.2,323.0,1372.2,1357.4,286.9,223.5,14.3,28,4332
557.1,328.5,1367.0,1352.3,285.9,0.0,13.7,28,8212
260.9,325.8,1765.5,1174.3,0.0,240.7,15.3,28,1807
260.9,325.8,1478.6,1462.6,309.1,0.0,15.3,28,3450
227.0,303.7,1619.8,1356.7,0.0,279.3,16.9,28,1928
448.7,299.9,1533.3,1254.9,189.3,147.5,17.5,28,5718
529.3,301.5,1464.9,1163.4,244.9,190.8,13.5,28,6706
527.1,214.6,1685.0,1385.9,243.9,0.0,13.5,28,6458
245.6,306.6,1661.6,1376.8,290.9,0.0,5.7,28,3444
242.4,300.2,1587.0,1305.1,229.7,179.0,12.6,28,3792
249.6,305.8,1414.0,1490.5,0.0,306.9,25.3,28,2252
466.9,321.3,1595.4,1121.9,196.9,153.4,11.8,28,6321
502.5,275.8,1606.7,1321.5,0.0,181.2,21.6,28,5202
528.1,300.9,1688.8,1160.8,244.4,0.0,13.5,28,5954
261.6,326.7,1482.6,1177.4,310.0,241.4,15.5,28,4205
487.1,328.5,1557.6,1281.2,225.4,0.0,9.3,28,6708
249.1,288.6,1685.6,1396.5,295.1,0.0,3.7,28,3905
245.1,340.0,1388.9,1464.2,0.0,301.5,13.1,28,1528
527.1,300.2,1685.0,1385.9,0.0,0.0,13.5,28,3641
229.9,289.2,1555.1,1288.4,272.4,212.0,17.5,28,4217
260.9,325.8,1478.6,1462.6,0.0,240.7,15.3,28,1412
430.3,317.9,1549.0,1263.0,166.5,129.8,11.0,28,4902
459.8,353.5,1523.7,1145.7,177.2,137.9,15.2,28,5391
273.1,301.4,1412.7,1249.7,320.4,249.6,31.7,28,4897
258.9,371.0,1556.1,1108.9,243.1,189.3,17.0,28,2394
246.9,340.3,1449.6,1398.2,193.2,150.5,14.8,28,2899
255.9,282.3,1591.2,1170.8,300.2,233.8,30.8,28,5272
522.4,282.8,1540.4,1097.6,240.7,187.4,37.3,28,5543
242.0,267.0,1589.0,1423.5,0.0,294.8,30.2,28,2237
511.7,359.9,1509.4,1217.8,235.8,0.0,10.5,28,4847
630.9,320.6,1707.8,1231.1,0.0,0.0,11.3,28,5665
267.3,295.1,1606.8,1213.1,251.0,195.5,25.3,28,4015
257.2,337.1,1688.6,1152.8,402.3,0.0,10.6,28,3896
522.5,283.0,1541.1,1355.2,240.7,0.0,16.9,28,6571
513.8,330.4,1617.1,1188.7,0.0,167.9,16.5,28,4369
254.4,280.8,1670.7,1301.6,0.0,310.0,19.6,28,2258
239.2,292.4,1487.7,1323.7,280.8,218.6,18.4,28,6470
502.0,339.3,1480.6,1104.5,231.3,180.2,10.1,28,7763
541.6,321.1,1466.4,1304.6,276.8,0.0,7.8,28,8299
616.9,322.4,1389.4,1275.8,315.2,0.0,11.1,28,9559
471.6,290.6,1390.8,1356.7,217.3,169.2,16.0,28,7662
424.9,326.7,1408.3,1384.5,163.7,127.4,14.0,28,4844
277.4,306.1,1724.8,1228.6,0.0,253.5,19.7,28,2616
262.3,303.9,1722.6,1176.0,410.4,0.0,18.0,28,5419
270.0,342.5,1396.8,1196.2,316.9,246.8,19.0,28,5122
502.5,314.2,1481.6,1374.1,0.0,180.4,10.3,28,6185
535.8,353.5,1450.4,1241.6,0.0,213.2,9.6,28,5811
484.3,316.2,1524.4,1173.0,203.1,158.3,15.5,28,6352
548.8,293.3,1486.0,1331.6,280.5,0.0,15.0,28,8882
599.9,325.8,1350.8,1312.0,0.0,238.7,18.5,28,5928
222.5,301.5,1461.2,1239.9,348.1,271.2,9.3,28,4831
543.6,313.2,1603.0,1195.9,250.5,0.0,14.3,28,7604
276.8,305.4,1431.5,1426.0,0.0,337.3,21.2,28,2189
528.9,286.4,1559.6,1319.6,0.0,189.8,17.0,28,5578
541.7,307.6,1466.6,1314.2,0.0,215.6,19.4,28,5405
235.5,399.0,1464.1,1105.0,276.3,215.2,9.8,28,5109
486.1,299.0,1530.3,1398.2,204.0,0.0,11.8,28,6112
502.6,353.5,1482.6,1254.4,0.0,180.4,18.7,28,4623
445.8,329.5,1403.4,1332.3,187.1,145.8,9.9,28,6025
269.4,283.8,1768.7,1160.0,421.4,0.0,20.6,28,5723
279.8,308.8,1447.6,1393.6,437.7,0.0,21.4,28,5499
465.9,302.7,1466.6,1295.0,195.5,152.2,15.0,28,6423
543.1,330.4,1378.6,1371.0,0.0,194.9,17.5,28,4522
250.3,324.8,1504.2,1314.7,235.0,183.1,10.3,28,3437
268.2,296.0,1668.0,1329.7,314.7,0.0,19.0,28,4753
439.8,338.1,1457.2,1283.6,169.4,132.0,14.5,28,4699
