compactness,surface_area,wall_area,roof_area,height,orientation,glazing_area,glazing_distribution,heating_load,cooling_load
0.98,5538,3165,1187,23.0,2,0.0,0,4.93,6.76
0.98,5538,3165,1187,23.0,3,0.0,0,4.93,6.76
0.98,5538,3165,1187,23.0,4,0.0,0,4.93,6.76
0.98,5538,3165,1187,23.0,5,0.0,0,4.93,6.76
0.9,6065,3428,1319,23.0,2,0.0,0,6.61,8.96
0.9,6065,3428,1319,23.0,3,0.0,0,6.8,8.05
0.9,6065,3428,1319,23.0,4,0.0,0,6.57,7.98
0.9,6065,3428,1319,23.0,5,0.0,0,6.24,9.38
0.86,6329,3165,1582,23.0,2,0.0,0,6.18,8.65
0.86,6329,3165,1582,23.0,3,0.0,0,6.32,6.96
0.86,6329,3165,1582,23.0,4,0.0,0,6.13,7.45
0.86,6329,3165,1582,23.0,5,0.0,0,5.8,8.83
0.82,6593,3428,1582,23.0,2,0.0,0,5.4,7.54
0.82,6593,3428,1582,23.0,3,0.0,0,5.52,6.8
0.82,6593,3428,1582,23.0,4,0.0,0,5.37,6.71
0.82,6593,3428,1582,23.0,5,0.0,0,5.07,7.9
0.79,6857,3692,1582,23.0,2,0.0,0,9.04,11.96
0.79,6857,3692,1582,23.0,3,0.0,0,9.48,9.91
0.79,6857,3692,1582,23.0,4,0.0,0,9.39,9.8
0.79,6857,3692,1582,23.0,5,0.0,0,9.11,12.5
0.76,7120,4483,1319,23.0,2,0.0,0,7.85,9.44
0.76,7120,4483,1319,23.0,3,0.0,0,7.59,9.41
0.76,7120,4483,1319,23.0,4,0.0,0,7.85,9.44
0.76,7120,4483,1319,23.0,5,0.0,0,7.59,9.32
0.74,7384,2637,2373,11.5,2,0.0,0,1.92,3.46
0.74,7384,2637,2373,11.5,3,0.0,0,1.92,3.55
0.74,7384,2637,2373,11.5,4,0.0,0,1.91,3.47
0.74,7384,2637,2373,11.5,5,0.0,0,1.91,3.54
0.71,7648,2901,2373,11.5,2,0.0,0,2.02,3.57
0.71,7648,2901,2373,11.5,3,0.0,0,2.03,3.72
0.71,7648,2901,2373,11.5,4,0.0,0,2.02,3.58
0.71,7648,2901,2373,11.5,5,0.0,0,2.03,3.7
0.69,7911,3165,2373,11.5,2,0.0,0,2.17,3.72
0.69,7911,3165,2373,11.5,3,0.0,0,2.15,3.82
0.69,7911,3165,2373,11.5,4,0.0,0,2.15,3.72
0.69,7911,3165,2373,11.5,5,0.0,0,2.16,3.78
0.66,8175,3428,2373,11.5,2,0.0,0,2.28,3.93
0.66,8175,3428,2373,11.5,3,0.0,0,2.25,3.88
0.66,8175,3428,2373,11.5,4,0.0,0,2.25,3.93
0.66,8175,3428,2373,11.5,5,0.0,0,2.25,3.85
0.64,8439,3692,2373,11.5,2,0.0,0,3.44,5.32
0.64,8439,3692,2373,11.5,3,0.0,0,3.34,5.33
0.64,8439,3692,2373,11.5,4,0.0,0,3.41,5.31
0.64,8439,3692,2373,11.5,5,0.0,0,3.35,5.28
0.62,8703,3956,2373,11.5,2,0.0,0,2.73,3.83
0.62,8703,3956,2373,11.5,3,0.0,0,2.69,3.87
0.62,8703,3956,2373,11.5,4,0.0,0,2.68,3.83
0.62,8703,3956,2373,11.5,5,0.0,0,2.69,3.82
0.98,5538,3165,1187,23.0,2,0.1,1,7.79,8.39
0.98,5538,3165,1187,23.0,3,0.1,1,7.81,8.36
0.98,5538,3165,1187,23.0,4,0.1,1,7.81,8.38
0.98,5538,3165,1187,23.0,5,0.1,1,7.79,8.33
0.9,6065,3428,1319,23.0,2,0.1,1,9.2,10.44
0.9,6065,3428,1319,23.0,3,0.1,1,9.47,9.47
0.9,6065,3428,1319,23.0,4,0.1,1,9.24,9.38
0.9,6065,3428,1319,23.0,5,0.1,1,8.9,10.88
0.86,6329,3165,1582,23.0,2,0.1,1,8.33,9.79
0.86,6329,3165,1582,23.0,3,0.1,1,8.53,8.12
0.86,6329,3165,1582,23.0,4,0.1,1,8.36,8.57
0.86,6329,3165,1582,23.0,5,0.1,1,8.01,10.06
0.82,6593,3428,1582,23.0,2,0.1,1,7.46,8.66
0.82,6593,3428,1582,23.0,3,0.1,1,7.62,7.9
0.82,6593,3428,1582,23.0,4,0.1,1,7.46,7.8
0.82,6593,3428,1582,23.0,5,0.1,1,7.16,9.04
0.79,6857,3692,1582,23.0,2,0.1,1,11.27,13.21
0.79,6857,3692,1582,23.0,3,0.1,1,11.77,11.18
0.79,6857,3692,1582,23.0,4,0.1,1,11.7,10.91
0.79,6857,3692,1582,23.0,5,0.1,1,11.39,13.74
0.76,7120,4483,1319,23.0,2,0.1,1,10.45,10.74
0.76,7120,4483,1319,23.0,3,0.1,1,10.18,10.8
0.76,7120,4483,1319,23.0,4,0.1,1,10.44,10.82
0.76,7120,4483,1319,23.0,5,0.1,1,10.21,10.67
0.74,7384,2637,2373,11.5,2,0.1,1,3.28,4.26
0.74,7384,2637,2373,11.5,3,0.1,1,3.31,4.35
0.74,7384,2637,2373,11.5,4,0.1,1,3.28,4.27
0.74,7384,2637,2373,11.5,5,0.1,1,3.29,4.34
0.71,7648,2901,2373,11.5,2,0.1,1,3.4,4.37
0.71,7648,2901,2373,11.5,3,0.1,1,3.42,4.53
0.71,7648,2901,2373,11.5,4,0.1,1,3.39,4.4
0.71,7648,2901,2373,11.5,5,0.1,1,3.41,4.52
0.69,7911,3165,2373,11.5,2,0.1,1,3.52,4.53
0.69,7911,3165,2373,11.5,3,0.1,1,3.53,4.63
0.69,7911,3165,2373,11.5,4,0.1,1,3.52,4.53
0.69,7911,3165,2373,11.5,5,0.1,1,3.54,4.58
0.66,8175,3428,2373,11.5,2,0.1,1,3.7,4.41
0.66,8175,3428,2373,11.5,3,0.1,1,3.71,4.35
0.66,8175,3428,2373,11.5,4,0.1,1,3.71,4.4
0.66,8175,3428,2373,11.5,5,0.1,1,3.71,4.33
0.64,8439,3692,2373,11.5,2,0.1,1,4.88,6.14
0.64,8439,3692,2373,11.5,3,0.1,1,4.82,6.16
0.64,8439,3692,2373,11.5,4,0.1,1,4.89,6.13
0.64,8439,3692,2373,11.5,5,0.1,1,4.82,6.12
0.62,8703,3956,2373,11.5,2,0.1,1,4.11,4.55
0.62,8703,3956,2373,11.5,3,0.1,1,4.11,4.6
0.62,8703,3956,2373,11.5,4,0.1,1,4.1,4.54
0.62,8703,3956,2373,11.5,5,0.1,1,4.13,4.52
0.98,5538,3165,1187,23.0,2,0.1,2,7.7,8.23
0.98,5538,3165,1187,23.0,3,0.1,2,7.71,8.12
0.98,5538,3165,1187,23.0,4,0.1,2,7.65,8.28
0.98,5538,3165,1187,23.0,5,0.1,2,7.69,8.21
0.9,6065,3428,1319,23.0,2,0.1,2,9.15,10.32
0.9,6065,3428,1319,23.0,3,0.1,2,9.41,9.33
0.9,6065,3428,1319,23.0,4,0.1,2,9.14,9.31
0.9,6065,3428,1319,23.0,5,0.1,2,8.84,10.84
0.86,6329,3165,1582,23.0,2,0.1,2,8.39,9.8
0.86,6329,3165,1582,23.0,3,0.1,2,8.57,8.12
0.86,6329,3165,1582,23.0,4,0.1,2,8.35,8.67
0.86,6329,3165,1582,23.0,5,0.1,2,8.04,10.11
0.82,6593,3428,1582,23.0,2,0.1,2,7.53,8.68
0.82,6593,3428,1582,23.0,3,0.1,2,7.68,7.93
0.82,6593,3428,1582,23.0,4,0.1,2,7.5,7.86
0.82,6593,3428,1582,23.0,5,0.1,2,7.22,9.13
0.79,6857,3692,1582,23.0,2,0.1,2,11.3,13.02
0.79,6857,3692,1582,23.0,3,0.1,2,11.81,10.97
0.79,6857,3692,1582,23.0,4,0.1,2,11.72,10.74
0.79,6857,3692,1582,23.0,5,0.1,2,11.42,13.59
0.76,7120,4483,1319,23.0,2,0.1,2,10.51,10.75
0.76,7120,4483,1319,23.0,3,0.1,2,10.27,10.8
0.76,7120,4483,1319,23.0,4,0.1,2,10.5,10.83
0.76,7120,4483,1319,23.0,5,0.1,2,10.27,10.71
0.74,7384,2637,2373,11.5,2,0.1,2,3.3,4.24
0.74,7384,2637,2373,11.5,3,0.1,2,3.32,4.35
0.74,7384,2637,2373,11.5,4,0.1,2,3.27,4.3
0.74,7384,2637,2373,11.5,5,0.1,2,3.31,4.37
0.71,7648,2901,2373,11.5,2,0.1,2,3.37,4.33
0.71,7648,2901,2373,11.5,3,0.1,2,3.4,4.47
0.71,7648,2901,2373,11.5,4,0.1,2,3.34,4.37
0.71,7648,2901,2373,11.5,5,0.1,2,3.39,4.5
0.69,7911,3165,2373,11.5,2,0.1,2,3.63,4.18
0.69,7911,3165,2373,11.5,3,0.1,2,3.63,4.29
0.69,7911,3165,2373,11.5,4,0.1,2,3.59,4.22
0.69,7911,3165,2373,11.5,5,0.1,2,3.64,4.28
0.66,8175,3428,2373,11.5,2,0.1,2,3.63,4.71
0.66,8175,3428,2373,11.5,3,0.1,2,3.62,4.68
0.66,8175,3428,2373,11.5,4,0.1,2,3.59,4.75
0.66,8175,3428,2373,11.5,5,0.1,2,3.62,4.67
0.64,8439,3692,2373,11.5,2,0.1,2,4.88,6.1
0.64,8439,3692,2373,11.5,3,0.1,2,4.81,6.13
0.64,8439,3692,2373,11.5,4,0.1,2,4.86,6.12
0.64,8439,3692,2373,11.5,5,0.1,2,4.82,6.12
0.62,8703,3956,2373,11.5,2,0.1,2,4.08,4.56
0.62,8703,3956,2373,11.5,3,0.1,2,4.12,4.62
0.62,8703,3956,2373,11.5,4,0.1,2,4.11,4.52
0.62,8703,3956,2373,11.5,5,0.1,2,4.13,4.51
0.98,5538,3165,1187,23.0,2,0.1,3,7.7,8.14
0.98,5538,3165,1187,23.0,3,0.1,3,7.73,8.25
0.98,5538,3165,1187,23.0,4,0.1,3,7.64,8.19
0.98,5538,3165,1187,23.0,5,0.1,3,7.72,8.29
0.9,6065,3428,1319,23.0,2,0.1,3,8.9,10.82
0.9,6065,3428,1319,23.0,3,0.1,3,9.2,10.41
0.9,6065,3428,1319,23.0,4,0.1,3,9.39,9.54
0.9,6065,3428,1319,23.0,5,0.1,3,9.21,9.41
0.86,6329,3165,1582,23.0,2,0.1,3,8.05,10.06
0.86,6329,3165,1582,23.0,3,0.1,3,8.39,9.83
0.86,6329,3165,1582,23.0,4,0.1,3,8.52,8.21
0.86,6329,3165,1582,23.0,5,0.1,3,8.39,8.69
0.82,6593,3428,1582,23.0,2,0.1,3,7.27,9.09
0.82,6593,3428,1582,23.0,3,0.1,3,7.56,8.73
0.82,6593,3428,1582,23.0,4,0.1,3,7.66,8.04
0.82,6593,3428,1582,23.0,5,0.1,3,7.57,7.9
0.79,6857,3692,1582,23.0,2,0.1,3,11.34,13.67
0.79,6857,3692,1582,23.0,3,0.1,3,11.25,13.07
0.79,6857,3692,1582,23.0,4,0.1,3,11.72,11.13
0.79,6857,3692,1582,23.0,5,0.1,3,11.63,10.87
0.76,7120,4483,1319,23.0,2,0.1,3,10.31,10.73
0.76,7120,4483,1319,23.0,3,0.1,3,10.55,10.81
0.76,7120,4483,1319,23.0,4,0.1,3,10.25,10.93
0.76,7120,4483,1319,23.0,5,0.1,3,10.54,10.94
0.74,7384,2637,2373,11.5,2,0.1,3,3.29,4.31
0.74,7384,2637,2373,11.5,3,0.1,3,3.28,4.24
0.74,7384,2637,2373,11.5,4,0.1,3,3.28,4.33
0.74,7384,2637,2373,11.5,5,0.1,3,3.29,4.28
0.71,7648,2901,2373,11.5,2,0.1,3,3.41,4.48
0.71,7648,2901,2373,11.5,3,0.1,3,3.39,4.37
0.71,7648,2901,2373,11.5,4,0.1,3,3.39,4.53
0.71,7648,2901,2373,11.5,5,0.1,3,3.39,4.4
0.69,7911,3165,2373,11.5,2,0.1,3,3.56,4.58
0.69,7911,3165,2373,11.5,3,0.1,3,3.54,4.52
0.69,7911,3165,2373,11.5,4,0.1,3,3.52,4.65
0.69,7911,3165,2373,11.5,5,0.1,3,3.53,4.56
0.66,8175,3428,2373,11.5,2,0.1,3,3.67,4.27
0.66,8175,3428,2373,11.5,3,0.1,3,3.68,4.34
0.66,8175,3428,2373,11.5,4,0.1,3,3.65,4.31
0.66,8175,3428,2373,11.5,5,0.1,3,3.68,4.38
0.64,8439,3692,2373,11.5,2,0.1,3,4.81,6.07
0.64,8439,3692,2373,11.5,3,0.1,3,4.87,6.08
0.64,8439,3692,2373,11.5,4,0.1,3,4.79,6.14
0.64,8439,3692,2373,11.5,5,0.1,3,4.87,6.11
0.62,8703,3956,2373,11.5,2,0.1,3,4.02,4.47
0.62,8703,3956,2373,11.5,3,0.1,3,4.0,4.51
0.62,8703,3956,2373,11.5,4,0.1,3,4.03,4.48
0.62,8703,3956,2373,11.5,5,0.1,3,4.04,4.4
0.98,5538,3165,1187,23.0,2,0.1,4,7.73,8.21
0.98,5538,3165,1187,23.0,3,0.1,4,7.68,8.15
0.98,5538,3165,1187,23.0,4,0.1,4,7.62,8.3
0.98,5538,3165,1187,23.0,5,0.1,4,7.71,8.2
0.9,6065,3428,1319,23.0,2,0.1,4,9.21,9.3
0.9,6065,3428,1319,23.0,3,0.1,4,8.89,10.75
0.9,6065,3428,1319,23.0,4,0.1,4,9.15,10.41
0.9,6065,3428,1319,23.0,5,0.1,4,9.44,9.48
0.86,6329,3165,1582,23.0,2,0.1,4,8.38,8.61
0.86,6329,3165,1582,23.0,3,0.1,4,8.04,10.07
0.86,6329,3165,1582,23.0,4,0.1,4,8.35,9.85
0.86,6329,3165,1582,23.0,5,0.1,4,8.57,8.18
0.82,6593,3428,1582,23.0,2,0.1,4,7.54,7.8
0.82,6593,3428,1582,23.0,3,0.1,4,7.23,9.07
0.82,6593,3428,1582,23.0,4,0.1,4,7.48,8.74
0.82,6593,3428,1582,23.0,5,0.1,4,7.68,7.98
0.79,6857,3692,1582,23.0,2,0.1,4,11.68,10.86
0.79,6857,3692,1582,23.0,3,0.1,4,11.38,13.73
0.79,6857,3692,1582,23.0,4,0.1,4,11.24,13.27
0.79,6857,3692,1582,23.0,5,0.1,4,11.76,11.19
0.76,7120,4483,1319,23.0,2,0.1,4,10.49,10.81
0.76,7120,4483,1319,23.0,3,0.1,4,10.26,10.66
0.76,7120,4483,1319,23.0,4,0.1,4,10.49,10.74
0.76,7120,4483,1319,23.0,5,0.1,4,10.24,10.79
0.74,7384,2637,2373,11.5,2,0.1,4,3.2,4.18
0.74,7384,2637,2373,11.5,3,0.1,4,3.22,4.24
0.74,7384,2637,2373,11.5,4,0.1,4,3.19,4.19
0.74,7384,2637,2373,11.5,5,0.1,4,3.21,4.29
0.71,7648,2901,2373,11.5,2,0.1,4,3.38,4.33
0.71,7648,2901,2373,11.5,3,0.1,4,3.39,4.48
0.71,7648,2901,2373,11.5,4,0.1,4,3.34,4.37
0.71,7648,2901,2373,11.5,5,0.1,4,3.4,4.5
0.69,7911,3165,2373,11.5,2,0.1,4,3.54,4.53
0.69,7911,3165,2373,11.5,3,0.1,4,3.56,4.59
0.69,7911,3165,2373,11.5,4,0.1,4,3.51,4.57
0.69,7911,3165,2373,11.5,5,0.1,4,3.55,4.67
0.66,8175,3428,2373,11.5,2,0.1,4,3.63,4.71
0.66,8175,3428,2373,11.5,3,0.1,4,3.62,4.65
0.66,8175,3428,2373,11.5,4,0.1,4,3.59,4.75
0.66,8175,3428,2373,11.5,5,0.1,4,3.62,4.7
0.64,8439,3692,2373,11.5,2,0.1,4,4.88,6.1
0.64,8439,3692,2373,11.5,3,0.1,4,4.82,6.1
0.64,8439,3692,2373,11.5,4,0.1,4,4.86,6.16
0.64,8439,3692,2373,11.5,5,0.1,4,4.81,6.18
0.62,8703,3956,2373,11.5,2,0.1,4,4.07,4.56
0.62,8703,3956,2373,11.5,3,0.1,4,4.13,4.55
0.62,8703,3956,2373,11.5,4,0.1,4,4.12,4.53
0.62,8703,3956,2373,11.5,5,0.1,4,4.12,4.59
0.98,5538,3165,1187,23.0,2,0.1,5,7.72,8.13
0.98,5538,3165,1187,23.0,3,0.1,5,7.71,8.24
0.98,5538,3165,1187,23.0,4,0.1,5,7.62,8.2
0.98,5538,3165,1187,23.0,5,0.1,5,7.69,8.3
0.9,6065,3428,1319,23.0,2,0.1,5,9.46,9.45
0.9,6065,3428,1319,23.0,3,0.1,5,9.22,9.36
0.9,6065,3428,1319,23.0,4,0.1,5,8.89,10.92
0.9,6065,3428,1319,23.0,5,0.1,5,9.2,10.46
0.86,6329,3165,1582,23.0,2,0.1,5,8.57,8.18
0.86,6329,3165,1582,23.0,3,0.1,5,8.38,8.66
0.86,6329,3165,1582,23.0,4,0.1,5,8.04,10.16
0.86,6329,3165,1582,23.0,5,0.1,5,8.38,9.92
0.82,6593,3428,1582,23.0,2,0.1,5,7.73,7.96
0.82,6593,3428,1582,23.0,3,0.1,5,7.57,7.85
0.82,6593,3428,1582,23.0,4,0.1,5,7.26,9.15
0.82,6593,3428,1582,23.0,5,0.1,5,7.56,8.78
0.79,6857,3692,1582,23.0,2,0.1,5,11.74,11.09
0.79,6857,3692,1582,23.0,3,0.1,5,11.64,10.84
0.79,6857,3692,1582,23.0,4,0.1,5,11.66,13.68
0.79,6857,3692,1582,23.0,5,0.1,5,11.25,13.08
0.76,7120,4483,1319,23.0,2,0.1,5,10.24,10.86
0.76,7120,4483,1319,23.0,3,0.1,5,10.53,10.89
0.76,7120,4483,1319,23.0,4,0.1,5,10.29,10.66
0.76,7120,4483,1319,23.0,5,0.1,5,10.55,10.74
0.74,7384,2637,2373,11.5,2,0.1,5,3.32,4.33
0.74,7384,2637,2373,11.5,3,0.1,5,3.29,4.26
0.74,7384,2637,2373,11.5,4,0.1,5,3.28,4.35
0.74,7384,2637,2373,11.5,5,0.1,5,3.29,4.28
0.71,7648,2901,2373,11.5,2,0.1,5,3.42,4.5
0.71,7648,2901,2373,11.5,3,0.1,5,3.39,4.36
0.71,7648,2901,2373,11.5,4,0.1,5,3.38,4.52
0.71,7648,2901,2373,11.5,5,0.1,5,4.34,4.4
0.69,7911,3165,2373,11.5,2,0.1,5,3.55,4.61
0.69,7911,3165,2373,11.5,3,0.1,5,3.53,4.53
0.69,7911,3165,2373,11.5,4,0.1,5,3.52,4.58
0.69,7911,3165,2373,11.5,5,0.1,5,3.54,4.56
0.66,8175,3428,2373,11.5,2,0.1,5,3.61,4.61
0.66,8175,3428,2373,11.5,3,0.1,5,3.59,4.69
0.66,8175,3428,2373,11.5,4,0.1,5,3.56,4.64
0.66,8175,3428,2373,11.5,5,0.1,5,3.59,4.71
0.64,8439,3692,2373,11.5,2,0.1,5,4.81,6.1
0.64,8439,3692,2373,11.5,3,0.1,5,4.87,6.08
0.64,8439,3692,2373,11.5,4,0.1,5,4.79,6.11
0.64,8439,3692,2373,11.5,5,0.1,5,4.87,6.11
0.62,8703,3956,2373,11.5,2,0.1,5,3.99,4.51
0.62,8703,3956,2373,11.5,3,0.1,5,4.04,4.43
0.62,8703,3956,2373,11.5,4,0.1,5,4.06,4.43
0.62,8703,3956,2373,11.5,5,0.1,5,4.0,4.49
0.98,5538,3165,1187,23.0,2,0.25,1,8.92,9.44
0.98,5538,3165,1187,23.0,3,0.25,1,8.92,9.44
0.98,5538,3165,1187,23.0,4,0.25,1,8.99,9.28
0.98,5538,3165,1187,23.0,5,0.25,1,9.01,9.35
0.9,6065,3428,1319,23.0,2,0.25,1,10.36,11.45
0.9,6065,3428,1319,23.0,3,0.25,1,10.61,10.51
0.9,6065,3428,1319,23.0,4,0.25,1,10.41,10.37
0.9,6065,3428,1319,23.0,5,0.25,1,10.14,11.91
0.86,6329,3165,1582,23.0,2,0.25,1,9.36,10.77
0.86,6329,3165,1582,23.0,3,0.25,1,9.53,9.07
0.86,6329,3165,1582,23.0,4,0.25,1,9.38,9.55
0.86,6329,3165,1582,23.0,5,0.25,1,9.09,11.01
0.82,6593,3428,1582,23.0,2,0.25,1,8.51,9.56
0.82,6593,3428,1582,23.0,3,0.25,1,8.64,8.83
0.82,6593,3428,1582,23.0,4,0.25,1,8.55,8.64
0.82,6593,3428,1582,23.0,5,0.25,1,8.3,9.95
0.79,6857,3692,1582,23.0,2,0.25,1,12.26,13.88
0.79,6857,3692,1582,23.0,3,0.25,1,12.69,11.99
0.79,6857,3692,1582,23.0,4,0.25,1,12.64,11.68
0.79,6857,3692,1582,23.0,5,0.25,1,12.38,14.43
0.76,7120,4483,1319,23.0,2,0.25,1,11.72,11.68
0.76,7120,4483,1319,23.0,3,0.25,1,11.45,11.91
0.76,7120,4483,1319,23.0,4,0.25,1,11.7,11.87
0.76,7120,4483,1319,23.0,5,0.25,1,11.55,11.61
0.74,7384,2637,2373,11.5,2,0.25,1,3.94,4.82
0.74,7384,2637,2373,11.5,3,0.25,1,3.96,4.91
0.74,7384,2637,2373,11.5,4,0.25,1,3.93,4.84
0.74,7384,2637,2373,11.5,5,0.25,1,3.95,4.91
0.71,7648,2901,2373,11.5,2,0.25,1,3.98,4.89
0.71,7648,2901,2373,11.5,3,0.25,1,4.01,5.02
0.71,7648,2901,2373,11.5,4,0.25,1,3.98,4.89
0.71,7648,2901,2373,11.5,5,0.25,1,4.0,5.01
0.69,7911,3165,2373,11.5,2,0.25,1,4.05,4.82
0.69,7911,3165,2373,11.5,3,0.25,1,4.1,4.95
0.69,7911,3165,2373,11.5,4,0.25,1,4.04,4.91
0.69,7911,3165,2373,11.5,5,0.25,1,4.03,5.0
0.66,8175,3428,2373,11.5,2,0.25,1,4.17,5.2
0.66,8175,3428,2373,11.5,3,0.25,1,4.18,5.16
0.66,8175,3428,2373,11.5,4,0.25,1,4.17,5.2
0.66,8175,3428,2373,11.5,5,0.25,1,4.18,5.13
0.64,8439,3692,2373,11.5,2,0.25,1,5.55,6.7
0.64,8439,3692,2373,11.5,3,0.25,1,5.5,6.72
0.64,8439,3692,2373,11.5,4,0.25,1,5.55,6.69
0.64,8439,3692,2373,11.5,5,0.25,1,5.51,6.68
0.62,8703,3956,2373,11.5,2,0.25,1,4.78,5.0
0.62,8703,3956,2373,11.5,3,0.25,1,4.79,5.06
0.62,8703,3956,2373,11.5,4,0.25,1,4.78,5.0
0.62,8703,3956,2373,11.5,5,0.25,1,4.81,5.0
0.98,5538,3165,1187,23.0,2,0.25,2,9.09,9.39
0.98,5538,3165,1187,23.0,3,0.25,2,9.06,9.41
0.98,5538,3165,1187,23.0,4,0.25,2,8.93,9.57
0.98,5538,3165,1187,23.0,5,0.25,2,9.07,9.52
0.9,6065,3428,1319,23.0,2,0.25,2,10.29,11.27
0.9,6065,3428,1319,23.0,3,0.25,2,10.55,10.35
0.9,6065,3428,1319,23.0,4,0.25,2,10.25,10.39
0.9,6065,3428,1319,23.0,5,0.25,2,10.04,11.96
0.86,6329,3165,1582,23.0,2,0.25,2,9.3,10.58
0.86,6329,3165,1582,23.0,3,0.25,2,9.47,8.84
0.86,6329,3165,1582,23.0,4,0.25,2,9.28,9.48
0.86,6329,3165,1582,23.0,5,0.25,2,9.0,10.94
0.82,6593,3428,1582,23.0,2,0.25,2,8.16,8.96
0.82,6593,3428,1582,23.0,3,0.25,2,8.24,8.55
0.82,6593,3428,1582,23.0,4,0.25,2,8.05,8.47
0.82,6593,3428,1582,23.0,5,0.25,2,7.91,9.47
0.79,6857,3692,1582,23.0,2,0.25,2,12.23,13.9
0.79,6857,3692,1582,23.0,3,0.25,2,12.74,11.86
0.79,6857,3692,1582,23.0,4,0.25,2,12.67,11.66
0.79,6857,3692,1582,23.0,5,0.25,2,12.36,14.57
0.76,7120,4483,1319,23.0,2,0.25,2,11.71,11.69
0.76,7120,4483,1319,23.0,3,0.25,2,11.5,11.84
0.76,7120,4483,1319,23.0,4,0.25,2,11.68,11.82
0.76,7120,4483,1319,23.0,5,0.25,2,11.55,11.67
0.74,7384,2637,2373,11.5,2,0.25,2,3.91,4.67
0.74,7384,2637,2373,11.5,3,0.25,2,3.95,4.79
0.74,7384,2637,2373,11.5,4,0.25,2,3.85,4.81
0.74,7384,2637,2373,11.5,5,0.25,2,3.9,4.89
0.71,7648,2901,2373,11.5,2,0.25,2,3.91,4.73
0.71,7648,2901,2373,11.5,3,0.25,2,3.9,4.88
0.71,7648,2901,2373,11.5,4,0.25,2,3.87,4.74
0.71,7648,2901,2373,11.5,5,0.25,2,3.96,4.86
0.69,7911,3165,2373,11.5,2,0.25,2,4.07,4.92
0.69,7911,3165,2373,11.5,3,0.25,2,4.08,5.02
0.69,7911,3165,2373,11.5,4,0.25,2,4.04,4.96
0.69,7911,3165,2373,11.5,5,0.25,2,4.11,5.07
0.66,8175,3428,2373,11.5,2,0.25,2,4.14,5.04
0.66,8175,3428,2373,11.5,3,0.25,2,4.1,5.02
0.66,8175,3428,2373,11.5,4,0.25,2,4.05,5.14
0.66,8175,3428,2373,11.5,5,0.25,2,4.12,5.03
0.64,8439,3692,2373,11.5,2,0.25,2,5.43,6.49
0.64,8439,3692,2373,11.5,3,0.25,2,5.34,6.52
0.64,8439,3692,2373,11.5,4,0.25,2,5.4,6.49
0.64,8439,3692,2373,11.5,5,0.25,2,5.42,6.48
0.62,8703,3956,2373,11.5,2,0.25,2,4.55,4.86
0.62,8703,3956,2373,11.5,3,0.25,2,4.65,4.96
0.62,8703,3956,2373,11.5,4,0.25,2,4.63,4.8
0.62,8703,3956,2373,11.5,5,0.25,2,4.63,4.85
0.98,5538,3165,1187,23.0,2,0.25,3,9.09,9.33
0.98,5538,3165,1187,23.0,3,0.25,3,9.05,9.44
0.98,5538,3165,1187,23.0,4,0.25,3,8.93,9.54
0.98,5538,3165,1187,23.0,5,0.25,3,9.08,9.57
0.9,6065,3428,1319,23.0,2,0.25,3,10.03,11.52
0.9,6065,3428,1319,23.0,3,0.25,3,10.27,11.13
0.9,6065,3428,1319,23.0,4,0.25,3,10.36,10.41
0.9,6065,3428,1319,23.0,5,0.25,3,10.24,10.29
0.86,6329,3165,1582,23.0,2,0.25,3,9.0,10.63
0.86,6329,3165,1582,23.0,3,0.25,3,9.32,10.44
0.86,6329,3165,1582,23.0,4,0.25,3,9.33,9.0
0.86,6329,3165,1582,23.0,5,0.25,3,9.22,9.45
0.82,6593,3428,1582,23.0,2,0.25,3,7.83,9.12
0.82,6593,3428,1582,23.0,3,0.25,3,8.08,8.8
0.82,6593,3428,1582,23.0,4,0.25,3,8.04,8.54
0.82,6593,3428,1582,23.0,5,0.25,3,7.98,8.37
0.79,6857,3692,1582,23.0,2,0.25,3,12.38,14.31
0.79,6857,3692,1582,23.0,3,0.25,3,12.16,13.84
0.79,6857,3692,1582,23.0,4,0.25,3,12.62,11.97
0.79,6857,3692,1582,23.0,5,0.25,3,12.63,11.69
0.76,7120,4483,1319,23.0,2,0.25,3,11.41,11.43
0.76,7120,4483,1319,23.0,3,0.25,3,11.6,11.55
0.76,7120,4483,1319,23.0,4,0.25,3,11.3,11.82
0.76,7120,4483,1319,23.0,5,0.25,3,11.58,11.82
0.74,7384,2637,2373,11.5,2,0.25,3,3.74,4.59
0.74,7384,2637,2373,11.5,3,0.25,3,3.81,4.37
0.74,7384,2637,2373,11.5,4,0.25,3,3.8,4.67
0.74,7384,2637,2373,11.5,5,0.25,3,3.71,4.68
0.71,7648,2901,2373,11.5,2,0.25,3,3.93,4.73
0.71,7648,2901,2373,11.5,3,0.25,3,3.89,4.67
0.71,7648,2901,2373,11.5,4,0.25,3,3.84,4.94
0.71,7648,2901,2373,11.5,5,0.25,3,3.86,4.74
0.69,7911,3165,2373,11.5,2,0.25,3,3.91,4.73
0.69,7911,3165,2373,11.5,3,0.25,3,3.95,4.56
0.69,7911,3165,2373,11.5,4,0.25,3,3.9,4.89
0.69,7911,3165,2373,11.5,5,0.25,3,3.84,4.81
0.66,8175,3428,2373,11.5,2,0.25,3,4.11,4.92
0.66,8175,3428,2373,11.5,3,0.25,3,4.12,5.01
0.66,8175,3428,2373,11.5,4,0.25,3,4.04,5.12
0.66,8175,3428,2373,11.5,5,0.25,3,4.07,5.15
0.64,8439,3692,2373,11.5,2,0.25,3,5.34,6.3
0.64,8439,3692,2373,11.5,3,0.25,3,5.37,6.35
0.64,8439,3692,2373,11.5,4,0.25,3,5.28,6.49
0.64,8439,3692,2373,11.5,5,0.25,3,5.34,6.43
0.62,8703,3956,2373,11.5,2,0.25,3,4.41,4.72
0.62,8703,3956,2373,11.5,3,0.25,3,4.55,4.74
0.62,8703,3956,2373,11.5,4,0.25,3,4.42,4.72
0.62,8703,3956,2373,11.5,5,0.25,3,4.43,4.55
0.98,5538,3165,1187,23.0,2,0.25,4,9.1,9.39
0.98,5538,3165,1187,23.0,3,0.25,4,9.05,9.38
0.98,5538,3165,1187,23.0,4,0.25,4,8.92,9.57
0.98,5538,3165,1187,23.0,5,0.25,4,9.07,9.55
0.9,6065,3428,1319,23.0,2,0.25,4,10.36,10.18
0.9,6065,3428,1319,23.0,3,0.25,4,10.05,11.77
0.9,6065,3428,1319,23.0,4,0.25,4,10.17,11.46
0.9,6065,3428,1319,23.0,5,0.25,4,10.55,10.51
0.86,6329,3165,1582,23.0,2,0.25,4,9.34,9.34
0.86,6329,3165,1582,23.0,3,0.25,4,9.01,10.84
0.86,6329,3165,1582,23.0,4,0.25,4,9.22,10.76
0.86,6329,3165,1582,23.0,5,0.25,4,9.47,8.97
0.82,6593,3428,1582,23.0,2,0.25,4,8.13,8.34
0.82,6593,3428,1582,23.0,3,0.25,4,7.91,9.33
0.82,6593,3428,1582,23.0,4,0.25,4,8.06,9.12
0.82,6593,3428,1582,23.0,5,0.25,4,8.24,8.67
0.79,6857,3692,1582,23.0,2,0.25,4,12.68,11.49
0.79,6857,3692,1582,23.0,3,0.25,4,12.31,14.42
0.79,6857,3692,1582,23.0,4,0.25,4,12.15,14.0
0.79,6857,3692,1582,23.0,5,0.25,4,12.72,11.81
0.76,7120,4483,1319,23.0,2,0.25,4,11.71,11.79
0.76,7120,4483,1319,23.0,3,0.25,4,11.55,11.65
0.76,7120,4483,1319,23.0,4,0.25,4,11.67,11.74
0.76,7120,4483,1319,23.0,5,0.25,4,11.49,11.89
0.74,7384,2637,2373,11.5,2,0.25,4,3.91,4.73
0.74,7384,2637,2373,11.5,3,0.25,4,3.9,4.83
0.74,7384,2637,2373,11.5,4,0.25,4,3.86,4.76
0.74,7384,2637,2373,11.5,5,0.25,4,3.94,4.87
0.71,7648,2901,2373,11.5,2,0.25,4,3.92,4.65
0.71,7648,2901,2373,11.5,3,0.25,4,3.96,4.78
0.71,7648,2901,2373,11.5,4,0.25,4,3.86,4.82
0.71,7648,2901,2373,11.5,5,0.25,4,3.89,4.96
0.69,7911,3165,2373,11.5,2,0.25,4,4.09,4.87
0.69,7911,3165,2373,11.5,3,0.25,4,4.11,4.99
0.69,7911,3165,2373,11.5,4,0.25,4,4.02,5.02
0.69,7911,3165,2373,11.5,5,0.25,4,4.08,5.11
0.66,8175,3428,2373,11.5,2,0.25,4,4.11,5.06
0.66,8175,3428,2373,11.5,3,0.25,4,4.12,4.94
0.66,8175,3428,2373,11.5,4,0.25,4,4.08,5.13
0.66,8175,3428,2373,11.5,5,0.25,4,4.1,5.12
0.64,8439,3692,2373,11.5,2,0.25,4,5.39,6.23
0.64,8439,3692,2373,11.5,3,0.25,4,5.29,6.26
0.64,8439,3692,2373,11.5,4,0.25,4,5.25,6.46
0.64,8439,3692,2373,11.5,5,0.25,4,5.27,6.31
0.62,8703,3956,2373,11.5,2,0.25,4,4.54,4.88
0.62,8703,3956,2373,11.5,3,0.25,4,4.63,4.93
0.62,8703,3956,2373,11.5,4,0.25,4,4.63,4.78
0.62,8703,3956,2373,11.5,5,0.25,4,4.64,4.88
0.98,5538,3165,1187,23.0,2,0.25,5,9.09,9.36
0.98,5538,3165,1187,23.0,3,0.25,5,9.06,9.44
0.98,5538,3165,1187,23.0,4,0.25,5,8.92,9.51
0.98,5538,3165,1187,23.0,5,0.25,5,9.07,9.57
0.9,6065,3428,1319,23.0,2,0.25,5,10.5,10.22
0.9,6065,3428,1319,23.0,3,0.25,5,10.24,10.14
0.9,6065,3428,1319,23.0,4,0.25,5,9.99,11.79
0.9,6065,3428,1319,23.0,5,0.25,5,10.29,11.29
0.86,6329,3165,1582,23.0,2,0.25,5,9.42,8.88
0.86,6329,3165,1582,23.0,3,0.25,5,9.22,9.33
0.86,6329,3165,1582,23.0,4,0.25,5,8.97,10.83
0.86,6329,3165,1582,23.0,5,0.25,5,9.32,10.61
0.82,6593,3428,1582,23.0,2,0.25,5,8.15,8.41
0.82,6593,3428,1582,23.0,3,0.25,5,7.98,8.27
0.82,6593,3428,1582,23.0,4,0.25,5,7.8,9.29
0.82,6593,3428,1582,23.0,5,0.25,5,8.08,8.92
0.79,6857,3692,1582,23.0,2,0.25,5,12.65,11.9
0.79,6857,3692,1582,23.0,3,0.25,5,12.63,11.62
0.79,6857,3692,1582,23.0,4,0.25,5,12.37,14.35
0.79,6857,3692,1582,23.0,5,0.25,5,12.25,13.86
0.76,7120,4483,1319,23.0,2,0.25,5,11.31,11.71
0.76,7120,4483,1319,23.0,3,0.25,5,11.61,11.73
0.76,7120,4483,1319,23.0,4,0.25,5,11.43,11.33
0.76,7120,4483,1319,23.0,5,0.25,5,11.63,11.46
0.74,7384,2637,2373,11.5,2,0.25,5,3.84,4.59
0.74,7384,2637,2373,11.5,3,0.25,5,3.7,4.62
0.74,7384,2637,2373,11.5,4,0.25,5,3.69,4.69
0.74,7384,2637,2373,11.5,5,0.25,5,3.81,4.45
0.71,7648,2901,2373,11.5,2,0.25,5,3.89,4.84
0.71,7648,2901,2373,11.5,3,0.25,5,3.86,4.66
0.71,7648,2901,2373,11.5,4,0.25,5,3.88,4.83
0.71,7648,2901,2373,11.5,5,0.25,5,3.89,4.75
0.69,7911,3165,2373,11.5,2,0.25,5,3.95,4.8
0.69,7911,3165,2373,11.5,3,0.25,5,3.84,4.75
0.69,7911,3165,2373,11.5,4,0.25,5,3.86,4.82
0.69,7911,3165,2373,11.5,5,0.25,5,3.95,4.63
0.66,8175,3428,2373,11.5,2,0.25,5,4.1,5.02
0.66,8175,3428,2373,11.5,3,0.25,5,4.06,5.08
0.66,8175,3428,2373,11.5,4,0.25,5,4.05,5.01
0.66,8175,3428,2373,11.5,5,0.25,5,4.13,5.09
0.64,8439,3692,2373,11.5,2,0.25,5,5.3,6.38
0.64,8439,3692,2373,11.5,3,0.25,5,5.34,6.34
0.64,8439,3692,2373,11.5,4,0.25,5,5.31,6.4
0.64,8439,3692,2373,11.5,5,0.25,5,5.36,6.43
0.62,8703,3956,2373,11.5,2,0.25,5,4.34,4.82
0.62,8703,3956,2373,11.5,3,0.25,5,4.43,4.63
0.62,8703,3956,2373,11.5,4,0.25,5,4.49,4.63
0.62,8703,3956,2373,11.5,5,0.25,5,4.39,4.68
0.98,5538,3165,1187,23.0,2,0.4,1,10.23,10.58
0.98,5538,3165,1187,23.0,3,0.4,1,10.23,10.57
0.98,5538,3165,1187,23.0,4,0.4,1,10.3,10.41
0.98,5538,3165,1187,23.0,5,0.4,1,10.31,10.47
0.9,6065,3428,1319,23.0,2,0.4,1,11.56,12.45
0.9,6065,3428,1319,23.0,3,0.4,1,11.81,11.53
0.9,6065,3428,1319,23.0,4,0.4,1,11.62,11.39
0.9,6065,3428,1319,23.0,5,0.4,1,11.4,12.99
0.86,6329,3165,1582,23.0,2,0.4,1,10.11,11.41
0.86,6329,3165,1582,23.0,3,0.4,1,10.27,9.72
0.86,6329,3165,1582,23.0,4,0.4,1,10.17,10.05
0.86,6329,3165,1582,23.0,5,0.4,1,9.92,11.64
0.82,6593,3428,1582,23.0,2,0.4,1,9.26,10.05
0.82,6593,3428,1582,23.0,3,0.4,1,9.48,9.23
0.82,6593,3428,1582,23.0,4,0.4,1,9.36,9.19
0.82,6593,3428,1582,23.0,5,0.4,1,9.08,10.63
0.79,6857,3692,1582,23.0,2,0.4,1,13.12,14.36
0.79,6857,3692,1582,23.0,3,0.4,1,13.51,12.39
0.79,6857,3692,1582,23.0,4,0.4,1,13.47,12.16
0.79,6857,3692,1582,23.0,5,0.4,1,13.21,14.88
0.76,7120,4483,1319,23.0,2,0.4,1,12.93,12.54
0.76,7120,4483,1319,23.0,3,0.4,1,12.67,12.95
0.76,7120,4483,1319,23.0,4,0.4,1,12.91,12.88
0.76,7120,4483,1319,23.0,5,0.4,1,12.82,12.52
0.74,7384,2637,2373,11.5,2,0.4,1,4.6,5.37
0.74,7384,2637,2373,11.5,3,0.4,1,4.63,5.47
0.74,7384,2637,2373,11.5,4,0.4,1,4.6,5.4
0.74,7384,2637,2373,11.5,5,0.4,1,4.61,5.47
0.71,7648,2901,2373,11.5,2,0.4,1,4.6,5.42
0.71,7648,2901,2373,11.5,3,0.4,1,4.63,5.55
0.71,7648,2901,2373,11.5,4,0.4,1,4.6,5.43
0.71,7648,2901,2373,11.5,5,0.4,1,4.62,5.54
0.69,7911,3165,2373,11.5,2,0.4,1,4.6,5.23
0.69,7911,3165,2373,11.5,3,0.4,1,4.66,5.39
0.69,7911,3165,2373,11.5,4,0.4,1,4.57,5.35
0.69,7911,3165,2373,11.5,5,0.4,1,4.57,5.45
0.66,8175,3428,2373,11.5,2,0.4,1,4.83,5.75
0.66,8175,3428,2373,11.5,3,0.4,1,4.83,5.72
0.66,8175,3428,2373,11.5,4,0.4,1,4.83,5.75
0.66,8175,3428,2373,11.5,5,0.4,1,4.83,5.69
0.64,8439,3692,2373,11.5,2,0.4,1,6.19,7.2
0.64,8439,3692,2373,11.5,3,0.4,1,6.14,7.21
0.64,8439,3692,2373,11.5,4,0.4,1,6.18,7.2
0.64,8439,3692,2373,11.5,5,0.4,1,6.16,7.14
0.62,8703,3956,2373,11.5,2,0.4,1,4.78,5.45
0.62,8703,3956,2373,11.5,3,0.4,1,5.44,5.46
0.62,8703,3956,2373,11.5,4,0.4,1,5.43,5.44
0.62,8703,3956,2373,11.5,5,0.4,1,5.43,5.45
0.98,5538,3165,1187,23.0,2,0.4,2,10.4,10.45
0.98,5538,3165,1187,23.0,3,0.4,2,10.37,10.5
0.98,5538,3165,1187,23.0,4,0.4,2,10.22,10.76
0.98,5538,3165,1187,23.0,5,0.4,2,10.37,10.71
0.9,6065,3428,1319,23.0,2,0.4,2,11.36,12.16
0.9,6065,3428,1319,23.0,3,0.4,2,11.59,11.22
0.9,6065,3428,1319,23.0,4,0.4,2,11.43,11.08
0.9,6065,3428,1319,23.0,5,0.4,2,11.31,12.89
0.86,6329,3165,1582,23.0,2,0.4,2,10.3,11.25
0.86,6329,3165,1582,23.0,3,0.4,2,10.38,9.68
0.86,6329,3165,1582,23.0,4,0.4,2,10.19,10.23
0.86,6329,3165,1582,23.0,5,0.4,2,10.03,11.68
0.82,6593,3428,1582,23.0,2,0.4,2,9.18,9.62
0.82,6593,3428,1582,23.0,3,0.4,2,9.35,8.85
0.82,6593,3428,1582,23.0,4,0.4,2,9.08,9.18
0.82,6593,3428,1582,23.0,5,0.4,2,8.88,10.44
0.79,6857,3692,1582,23.0,2,0.4,2,13.2,14.45
0.79,6857,3692,1582,23.0,3,0.4,2,13.66,12.49
0.79,6857,3692,1582,23.0,4,0.4,2,13.55,12.31
0.79,6857,3692,1582,23.0,5,0.4,2,13.29,15.23
0.76,7120,4483,1319,23.0,2,0.4,2,12.93,12.52
0.76,7120,4483,1319,23.0,3,0.4,2,12.73,12.81
0.76,7120,4483,1319,23.0,4,0.4,2,12.86,12.83
0.76,7120,4483,1319,23.0,5,0.4,2,12.81,12.58
0.74,7384,2637,2373,11.5,2,0.4,2,4.61,5.21
0.74,7384,2637,2373,11.5,3,0.4,2,4.58,5.37
0.74,7384,2637,2373,11.5,4,0.4,2,4.5,5.39
0.74,7384,2637,2373,11.5,5,0.4,2,4.6,5.4
0.71,7648,2901,2373,11.5,2,0.4,2,4.66,5.32
0.71,7648,2901,2373,11.5,3,0.4,2,4.65,5.51
0.71,7648,2901,2373,11.5,4,0.4,2,4.56,5.47
0.71,7648,2901,2373,11.5,5,0.4,2,4.66,5.55
0.69,7911,3165,2373,11.5,2,0.4,2,4.68,5.21
0.69,7911,3165,2373,11.5,3,0.4,2,4.66,5.39
0.69,7911,3165,2373,11.5,4,0.4,2,4.54,5.46
0.69,7911,3165,2373,11.5,5,0.4,2,4.63,5.46
0.66,8175,3428,2373,11.5,2,0.4,2,4.86,5.66
0.66,8175,3428,2373,11.5,3,0.4,2,4.85,5.67
0.66,8175,3428,2373,11.5,4,0.4,2,4.78,5.82
0.66,8175,3428,2373,11.5,5,0.4,2,4.85,5.75
0.64,8439,3692,2373,11.5,2,0.4,2,6.09,6.89
0.64,8439,3692,2373,11.5,3,0.4,2,5.98,7.0
0.64,8439,3692,2373,11.5,4,0.4,2,5.99,7.0
0.64,8439,3692,2373,11.5,5,0.4,2,6.06,6.95
0.62,8703,3956,2373,11.5,2,0.4,2,5.31,5.5
0.62,8703,3956,2373,11.5,3,0.4,2,5.46,5.51
0.62,8703,3956,2373,11.5,4,0.4,2,5.47,5.34
0.62,8703,3956,2373,11.5,5,0.4,2,5.44,5.39
0.98,5538,3165,1187,23.0,2,0.4,3,10.4,10.39
0.98,5538,3165,1187,23.0,3,0.4,3,10.36,10.54
0.98,5538,3165,1187,23.0,4,0.4,3,10.22,10.73
0.98,5538,3165,1187,23.0,5,0.4,3,10.38,10.78
0.9,6065,3428,1319,23.0,2,0.4,3,10.85,11.81
0.9,6065,3428,1319,23.0,3,0.4,3,11.08,11.11
0.9,6065,3428,1319,23.0,4,0.4,3,11.11,10.72
0.9,6065,3428,1319,23.0,5,0.4,3,10.87,10.56
0.86,6329,3165,1582,23.0,2,0.4,3,9.92,11.16
0.86,6329,3165,1582,23.0,3,0.4,3,10.18,11.0
0.86,6329,3165,1582,23.0,4,0.4,3,10.16,9.54
0.86,6329,3165,1582,23.0,5,0.4,3,10.09,10.02
0.82,6593,3428,1582,23.0,2,0.4,3,9.09,10.28
0.82,6593,3428,1582,23.0,3,0.4,3,9.41,9.72
0.82,6593,3428,1582,23.0,4,0.4,3,9.34,9.44
0.82,6593,3428,1582,23.0,5,0.4,3,9.16,9.4
0.79,6857,3692,1582,23.0,2,0.4,3,13.08,14.72
0.79,6857,3692,1582,23.0,3,0.4,3,13.09,14.0
0.79,6857,3692,1582,23.0,4,0.4,3,13.47,12.3
0.79,6857,3692,1582,23.0,5,0.4,3,13.34,12.12
0.76,7120,4483,1319,23.0,2,0.4,3,12.46,12.1
0.76,7120,4483,1319,23.0,3,0.4,3,12.63,12.2
0.76,7120,4483,1319,23.0,4,0.4,3,12.33,12.57
0.76,7120,4483,1319,23.0,5,0.4,3,12.58,12.71
0.74,7384,2637,2373,11.5,2,0.4,3,4.43,5.1
0.74,7384,2637,2373,11.5,3,0.4,3,4.51,4.88
0.74,7384,2637,2373,11.5,4,0.4,3,4.47,5.25
0.74,7384,2637,2373,11.5,5,0.4,3,4.37,5.26
0.71,7648,2901,2373,11.5,2,0.4,3,4.46,5.11
0.71,7648,2901,2373,11.5,3,0.4,3,4.45,4.9
0.71,7648,2901,2373,11.5,4,0.4,3,4.42,5.29
0.71,7648,2901,2373,11.5,5,0.4,3,4.39,5.1
0.69,7911,3165,2373,11.5,2,0.4,3,4.54,5.18
0.69,7911,3165,2373,11.5,3,0.4,3,4.62,5.02
0.69,7911,3165,2373,11.5,4,0.4,3,4.54,5.39
0.69,7911,3165,2373,11.5,5,0.4,3,4.46,5.4
0.66,8175,3428,2373,11.5,2,0.4,3,4.81,5.4
0.66,8175,3428,2373,11.5,3,0.4,3,4.81,5.59
0.66,8175,3428,2373,11.5,4,0.4,3,4.67,5.74
0.66,8175,3428,2373,11.5,5,0.4,3,4.72,5.78
0.64,8439,3692,2373,11.5,2,0.4,3,5.86,6.59
0.64,8439,3692,2373,11.5,3,0.4,3,5.93,6.57
0.64,8439,3692,2373,11.5,4,0.4,3,5.86,6.83
0.64,8439,3692,2373,11.5,5,0.4,3,5.85,6.82
0.62,8703,3956,2373,11.5,2,0.4,3,5.22,5.36
0.62,8703,3956,2373,11.5,3,0.4,3,5.18,5.43
0.62,8703,3956,2373,11.5,4,0.4,3,5.25,5.25
0.62,8703,3956,2373,11.5,5,0.4,3,5.31,5.07
0.98,5538,3165,1187,23.0,2,0.4,4,10.41,10.45
0.98,5538,3165,1187,23.0,3,0.4,4,10.36,10.48
0.98,5538,3165,1187,23.0,4,0.4,4,10.21,10.76
0.98,5538,3165,1187,23.0,5,0.4,4,10.38,10.74
0.9,6065,3428,1319,23.0,2,0.4,4,11.55,10.77
0.9,6065,3428,1319,23.0,3,0.4,4,11.33,12.65
0.9,6065,3428,1319,23.0,4,0.4,4,11.22,12.43
0.9,6065,3428,1319,23.0,5,0.4,4,11.59,11.44
0.86,6329,3165,1582,23.0,2,0.4,4,10.26,9.99
0.86,6329,3165,1582,23.0,3,0.4,4,10.04,11.48
0.86,6329,3165,1582,23.0,4,0.4,4,10.19,11.48
0.86,6329,3165,1582,23.0,5,0.4,4,10.38,9.83
0.82,6593,3428,1582,23.0,2,0.4,4,9.17,8.94
0.82,6593,3428,1582,23.0,3,0.4,4,8.89,10.25
0.82,6593,3428,1582,23.0,4,0.4,4,9.08,9.87
0.82,6593,3428,1582,23.0,5,0.4,4,9.36,9.01
0.79,6857,3692,1582,23.0,2,0.4,4,13.56,12.15
0.79,6857,3692,1582,23.0,3,0.4,4,13.23,15.09
0.79,6857,3692,1582,23.0,4,0.4,4,13.1,14.65
0.79,6857,3692,1582,23.0,5,0.4,4,13.62,12.54
0.76,7120,4483,1319,23.0,2,0.4,4,12.9,12.79
0.76,7120,4483,1319,23.0,3,0.4,4,12.81,12.58
0.76,7120,4483,1319,23.0,4,0.4,4,12.87,12.63
0.76,7120,4483,1319,23.0,5,0.4,4,12.71,12.92
0.74,7384,2637,2373,11.5,2,0.4,4,4.56,5.27
0.74,7384,2637,2373,11.5,3,0.4,4,4.59,5.31
0.74,7384,2637,2373,11.5,4,0.4,4,4.54,5.36
0.74,7384,2637,2373,11.5,5,0.4,4,4.58,5.49
0.71,7648,2901,2373,11.5,2,0.4,4,4.63,5.34
0.71,7648,2901,2373,11.5,3,0.4,4,4.66,5.45
0.71,7648,2901,2373,11.5,4,0.4,4,4.59,5.46
0.71,7648,2901,2373,11.5,5,0.4,4,4.65,5.62
0.69,7911,3165,2373,11.5,2,0.4,4,4.61,5.33
0.69,7911,3165,2373,11.5,3,0.4,4,4.63,5.35
0.69,7911,3165,2373,11.5,4,0.4,4,4.61,5.36
0.69,7911,3165,2373,11.5,5,0.4,4,4.66,5.51
0.66,8175,3428,2373,11.5,2,0.4,4,4.86,5.66
0.66,8175,3428,2373,11.5,3,0.4,4,4.85,5.65
0.66,8175,3428,2373,11.5,4,0.4,4,4.78,5.82
0.66,8175,3428,2373,11.5,5,0.4,4,4.85,5.78
0.64,8439,3692,2373,11.5,2,0.4,4,6.04,6.87
0.64,8439,3692,2373,11.5,3,0.4,4,6.06,6.83
0.64,8439,3692,2373,11.5,4,0.4,4,6.02,7.05
0.64,8439,3692,2373,11.5,5,0.4,4,5.97,7.13
0.62,8703,3956,2373,11.5,2,0.4,4,5.21,5.42
0.62,8703,3956,2373,11.5,3,0.4,4,5.36,5.32
0.62,8703,3956,2373,11.5,4,0.4,4,5.37,5.26
0.62,8703,3956,2373,11.5,5,0.4,4,5.32,5.32
0.98,5538,3165,1187,23.0,2,0.4,5,10.41,10.42
0.98,5538,3165,1187,23.0,3,0.4,5,10.37,10.53
0.98,5538,3165,1187,23.0,4,0.4,5,10.21,10.7
0.98,5538,3165,1187,23.0,5,0.4,5,10.38,10.78
0.9,6065,3428,1319,23.0,2,0.4,5,11.31,10.76
0.9,6065,3428,1319,23.0,3,0.4,5,11.1,10.51
0.9,6065,3428,1319,23.0,4,0.4,5,11.01,12.3
0.9,6065,3428,1319,23.0,5,0.4,5,11.17,11.81
0.86,6329,3165,1582,23.0,2,0.4,5,10.24,9.41
0.86,6329,3165,1582,23.0,3,0.4,5,10.08,9.89
0.86,6329,3165,1582,23.0,4,0.4,5,9.86,11.49
0.86,6329,3165,1582,23.0,5,0.4,5,10.16,11.32
0.82,6593,3428,1582,23.0,2,0.4,5,9.51,9.49
0.82,6593,3428,1582,23.0,3,0.4,5,9.35,9.37
0.82,6593,3428,1582,23.0,4,0.4,5,9.21,10.73
0.82,6593,3428,1582,23.0,5,0.4,5,9.48,10.32
0.79,6857,3692,1582,23.0,2,0.4,5,13.35,12.22
0.79,6857,3692,1582,23.0,3,0.4,5,13.3,11.95
0.79,6857,3692,1582,23.0,4,0.4,5,13.03,14.9
0.79,6857,3692,1582,23.0,5,0.4,5,12.93,14.22
0.76,7120,4483,1319,23.0,2,0.4,5,12.31,12.48
0.76,7120,4483,1319,23.0,3,0.4,5,12.59,12.62
0.76,7120,4483,1319,23.0,4,0.4,5,12.46,11.98
0.76,7120,4483,1319,23.0,5,0.4,5,12.64,12.1
0.74,7384,2637,2373,11.5,2,0.4,5,4.57,5.29
0.74,7384,2637,2373,11.5,3,0.4,5,4.5,5.27
0.74,7384,2637,2373,11.5,4,0.4,5,4.49,5.37
0.74,7384,2637,2373,11.5,5,0.4,5,4.56,5.29
0.71,7648,2901,2373,11.5,2,0.4,5,3.94,4.94
0.71,7648,2901,2373,11.5,3,0.4,5,4.0,4.62
0.71,7648,2901,2373,11.5,4,0.4,5,4.04,4.86
0.71,7648,2901,2373,11.5,5,0.4,5,3.94,4.85
0.69,7911,3165,2373,11.5,2,0.4,5,4.48,5.27
0.69,7911,3165,2373,11.5,3,0.4,5,4.53,5.03
0.69,7911,3165,2373,11.5,4,0.4,5,4.56,5.24
0.69,7911,3165,2373,11.5,5,0.4,5,4.5,5.31
0.66,8175,3428,2373,11.5,2,0.4,5,4.74,5.59
0.66,8175,3428,2373,11.5,3,0.4,5,4.73,5.64
0.66,8175,3428,2373,11.5,4,0.4,5,4.73,5.56
0.66,8175,3428,2373,11.5,5,0.4,5,4.81,5.72
0.64,8439,3692,2373,11.5,2,0.4,5,5.61,6.6
0.64,8439,3692,2373,11.5,3,0.4,5,5.77,6.41
0.64,8439,3692,2373,11.5,4,0.4,5,5.76,6.57
0.64,8439,3692,2373,11.5,5,0.4,5,5.67,6.78
0.62,8703,3956,2373,11.5,2,0.4,5,5.24,5.35
0.62,8703,3956,2373,11.5,3,0.4,5,5.21,5.42
0.62,8703,3956,2373,11.5,4,0.4,5,5.22,5.27
0.62,8703,3956,2373,11.5,5,0.4,5,5.27,5.08
